"ID","手機品牌","購買年","購買月","手機價格","月租費","B1","B2","B3","B4","B5","B6","出生年","出生月","性別","目前居住城市","目前職業"
0,"Apple",105,9,24500,399,"非常滿意","非常滿意","台灣大哥大","非常滿意","非常滿意","非常滿意",92,3,"女性","新北市","學生"
1,"Hㄒㄈ",105,9,21300,1050,"滿意","滿意","中華電信","非常滿意","非常滿意","非常滿意",55,1,"女性","新北市","服務業"
2,"Hㄒㄈ",105,10,21000,1043,"滿意","滿意","中華電信","滿意","非常滿意","非常滿意",44,6,"男性","新北市","軍公教"
3,"Hㄒㄈ",105,7,21000,966,"滿意","滿意","中華電信","滿意","滿意","滿意",51,3,"男性","新北市","科技業"
4,"Samsung",104,12,16000,699,"滿意","滿意","台灣大哥大","滿意","滿意","滿意",78,9,"女性","新北市","服務業"
5,"ASUS",104,3,6000,188,"無意見","無意見","中華電信","非常滿意","非常滿意","無意見",27,1,"男性","新北市","其他"
6,"Samsung",103,8,15000,1155,"滿意","無意見","中華電信","滿意","滿意","滿意",85,4,"男性","新北市","學生"
7,"Samsung",105,6,6999,299,"滿意","不滿意","台灣大哥大","滿意","滿意","滿意",86,9,"女性","台北市","學生"
8,"Hㄒㄈ",106,7,7999,500,"滿意","滿意","遠傳","滿意","滿意","滿意",87,3,"女性","台北市","學生"
9,"Samsung",104,6,8000,299,"無意見","滿意","遠傳","滿意","無意見","滿意",87,8,"男性","台北市","學生"
10,"ASUS",104,5,4500,798,"滿意","滿意","台灣大哥大","無意見","滿意","滿意",86,12,"女性","台北市","學生"
11,"Samsung",106,2,3999,399,"滿意","滿意","中華電信","滿意","滿意","滿意",86,10,"女性","台北市","學生"
12,"Apple",106,4,28000,439,"非常滿意","非常滿意","中華電信","非常滿意","非常滿意","非常滿意",85,7,"男性","新北市","學生"
13,"Samsung",106,10,4999,599,"滿意","滿意","中華電信","滿意","滿意","滿意",87,1,"女性","台北市","學生"
14,"Samsung",105,4,21000,999,"滿意","滿意","台灣大哥大","滿意","滿意","滿意",86,9,"女性","台北市","學生"
15,"小米",104,10,12000,199,"滿意","滿意","遠傳","滿意","無意見","滿意",85,10,"男性","台北市","學生"
16,"Samsung",105,4,8999,999,"滿意","滿意","中華電信","滿意","無意見","滿意",87,5,"女性","台北市","學生"
17,"Samsung",106,4,12000,188,"無意見","滿意","遠傳","滿意","滿意","滿意",85,8,"女性","台北市","學生"
18,"Apple",106,8,30000,498,"非常滿意","非常滿意","中華電信","滿意","非常滿意","非常滿意",64,4,"女性","台北市","金融業"
19,"ASUS",106,7,8000,599,"滿意","非常滿意","遠傳","滿意","滿意","滿意",86,12,"女性","台北市","學生"
20,"Samsung",103,1,12000,499,"滿意","滿意","中華電信","滿意","滿意","滿意",87,8,"女性","台北市","學生"
100,"Apple",105,10,10000,499,"非常滿意","非常滿意","亞太","非常滿意","無意見","滿意",88,4,"女性","新北市","學生"
101,"Apple",106,3,20000,699,"非常滿意","非常滿意","中華電信","非常滿意","非常滿意","非常滿意",69,7,"男性","新北市","服務業"
102,"Hㄒㄈ",106,9,8000,475,"滿意","滿意","遠傳","滿意","滿意","滿意",40,12,"男性","新北市","其他"
103,"Apple",106,9,20500,615,"非常滿意","非常滿意","遠傳","非常滿意","非常滿意","非常滿意",87,9,"女性","新北市","學生"
104,"Samsung",105,2,9500,500,"滿意","滿意","台灣大哥大","無意見","無意見","滿意",73,5,"男性","新北市","金融業"
105,"其他",105,4,10000,799,"非常滿意","非常滿意","台灣之星","滿意","滿意","滿意",88,5,"女性","台北市","學生"
106,"Apple",106,4,23500,600,"非常滿意","非常滿意","台灣大哥大","滿意","非常滿意","滿意",88,7,"女性","台北市","學生"
107,"Apple",105,11,29700,575,"非常滿意","非常滿意","台灣大哥大","滿意","非常滿意","非常滿意",88,1,"男性","台北市","學生"
108,"其他",107,7,15000,400,"非常滿意","不滿意","台灣大哥大","滿意","非常滿意","非常滿意",86,6,"女性","新北市","學生"
109,"Apple",106,8,23000,499,"非常滿意","非常滿意","中華電信","非常滿意","非常滿意","非常滿意",65,11,"女性","新北市","服務業"
110,"其他",105,9,16000,700,"滿意","滿意","遠傳","無意見","滿意","滿意",66,9,"女性","新北市","服務業"
111,"Hㄒㄈ",106,2,10000,685,"滿意","滿意","中華電信","無意見","無意見","滿意",74,3,"男性","新北市","服務業"
112,"Apple",106,3,17000,515,"非常滿意","非常滿意","中華電信","非常滿意","非常滿意","非常滿意",77,5,"女性","新北市","金融業"
113,"Apple",107,2,32500,577,"非常滿意","無意見","中華電信","非常滿意","非常滿意","滿意",85,3,"男性","新北市","服務業"
114,"其他",106,5,12500,500,"非常滿意","非常滿意","亞太","非常滿意","非常滿意","非常滿意",82,7,"女性","新北市","服務業"
115,"小米",104,5,13000,500,"非常滿意","非常滿意","台灣大哥大","無意見","滿意","非常滿意",75,8,"女性","新北市","服務業"
116,"Apple",107,1,32500,615,"非常滿意","無意見","中華電信","非常滿意","非常滿意","非常滿意",86,3,"女性","台北市","科技業"
117,"Apple",106,10,20500,499,"非常滿意","非常滿意","亞太","滿意","滿意","非常滿意",80,2,"男性","新北市","服務業"
118,"Samsung",105,4,10000,655,"非常滿意","非常滿意","台灣大哥大","無意見","非常滿意","非常滿意",73,7,"男性","台北市","服務業"
119,"Hㄒㄈ",104,3,8000,450,"非常滿意","非常滿意","台灣大哥大","無意見","非常滿意","非常滿意",75,5,"女性","新北市","家管"
120,"Apple",105,2,21500,1,"非常滿意","非常滿意","中華電信","非常滿意","非常滿意","非常滿意",77,8,"男性","台北市","服務業"
200,"Apple",106,2,31000,599,"非常滿意","非常滿意","台灣之星","無意見","不滿意","滿意",88,7,"女性","新北市","學生"
201,"Samsung",104,12,8000,599,"無意見","不滿意","台灣大哥大","滿意","無意見","無意見",87,9,"女性","其他","學生"
202,"Apple",107,9,29000,499,"滿意","非常滿意","台灣大哥大","滿意","滿意","滿意",87,8,"女性","新北市","學生"
203,"Sony",107,1,9000,499,"滿意","無意見","台灣大哥大","滿意","滿意","滿意",88,4,"女性","其他","學生"
204,"LG",106,1,9500,699,"無意見","滿意","台灣大哥大","無意見","無意見","無意見",85,7,"女性","基隆市","學生"
205,"其他",107,7,21000,1399,"滿意","滿意","台灣大哥大","無意見","無意見","無意見",68,5,"女性","新北市","家管"
206,"小米",107,5,15000,999,"不滿意","不滿意","台灣大哥大","無意見","無意見","無意見",63,2,"男性","新北市","服務業"
207,"其他",106,4,12000,699,"滿意","滿意","遠傳","無意見","無意見","無意見",88,8,"女性","台北市","學生"
208,"Samsung",107,8,14000,499,"滿意","滿意","台灣大哥大","無意見","無意見","無意見",87,12,"女性","其他","學生"
209,"ASUS",106,1,12000,499,"無意見","不滿意","台灣大哥大","滿意","無意見","無意見",90,1,"男性","新北市","學生"
210,"Apple",107,2,40000,699,"非常滿意","滿意","中華電信","無意見","無意見","滿意",90,9,"女性","其他","學生"
211,"Apple",107,3,39000,699,"滿意","滿意","台灣大哥大","無意見","無意見","滿意",91,3,"女性","其他","學生"
212,"Apple",105,7,30000,599,"滿意","滿意","台灣之星","無意見","非常不滿意","無意見",88,3,"女性","其他","學生"
213,"Sony",106,8,11000,499,"無意見","無意見","台灣大哥大","無意見","無意見","無意見",48,10,"女性","其他","服務業"
214,"Apple",107,2,38000,799,"滿意","滿意","台灣大哥大","無意見","無意見","無意見",69,4,"女性","其他","服務業"
215,"Apple",106,7,31000,699,"滿意","滿意","中華電信","無意見","無意見","無意見",86,12,"女性","台北市","學生"
216,"Samsung",105,3,25000,599,"滿意","滿意","台灣大哥大","無意見","無意見","無意見",88,8,"女性","桃園市","學生"
217,"Hㄒㄈ",105,10,12500,1399,"無意見","不滿意","中華電信","無意見","無意見","無意見",78,1,"男性","台北市","服務業"
218,"Apple",105,5,25000,699,"無意見","無意見","中華電信","無意見","無意見","無意見",81,12,"男性","新北市","軍公教"
219,"LG",104,11,10000,499,"無意見","無意見","中華電信","滿意","滿意","滿意",87,9,"男性","台北市","軍公教"
220,"Sony",106,2,15000,499,"滿意","滿意","台灣大哥大","滿意","滿意","滿意",86,9,"女性","新北市","學生"
300,"其他",105,1,20000,299,"滿意","無意見","中華電信","非常滿意","非常滿意","無意見",88,8,"女性","台北市","學生"
301,"Hㄒㄈ",107,6,5000,699,"無意見","不滿意","中華電信","不滿意","不滿意","無意見",88,5,"男性","台北市","學生"
302,"Apple",106,2,32000,799,"滿意","無意見","遠傳","不滿意","不滿意","無意見",87,10,"女性","新北市","學生"
303,"其他",106,6,15900,699,"滿意","滿意","遠傳","無意見","滿意","滿意",87,12,"男性","其他","學生"
304,"Sony",106,7,12000,488,"滿意","無意見","中華電信","無意見","無意見","無意見",87,9,"女性","新北市","學生"
305,"Apple",107,5,28000,499,"非常滿意","非常滿意","中華電信","非常滿意","非常滿意","非常滿意",88,5,"男性","台北市","學生"
306,"Sony",104,4,13000,299,"滿意","無意見","中華電信","滿意","非常滿意","滿意",88,7,"女性","其他","學生"
307,"Apple",106,5,16000,1435,"滿意","滿意","遠傳","滿意","滿意","滿意",88,8,"男性","台北市","學生"
308,"Apple",106,7,23000,699,"非常滿意","非常滿意","中華電信","滿意","滿意","滿意",88,3,"男性","其他","學生"
309,"其他",106,5,22000,299,"滿意","滿意","中華電信","非常滿意","滿意","滿意",86,9,"女性","台北市","學生"
310,"Apple",106,1,10000,699,"非常滿意","非常滿意","中華電信","無意見","滿意","非常滿意",59,1,"男性","台北市","金融業"
311,"其他",105,12,20000,388,"滿意","滿意","台灣之星","滿意","滿意","滿意",58,3,"女性","新北市","服務業"
312,"ASUS",106,7,7990,199,"滿意","滿意","台灣大哥大","滿意","滿意","滿意",56,8,"男性","新北市","服務業"
313,"ASUS",105,5,7990,138,"滿意","滿意","台灣大哥大","滿意","滿意","滿意",92,7,"男性","新北市","學生"
314,"Samsung",105,5,26000,1380,"滿意","滿意","中華電信","不滿意","無意見","滿意",54,12,"女性","台北市","科技業"
315,"Apple",107,2,26000,798,"滿意","滿意","台灣大哥大","滿意","無意見","滿意",77,12,"女性","其他","廣告業"
316,"其他",105,8,4990,188,"滿意","滿意","中華電信","滿意","滿意","滿意",58,12,"男性","桃園市","軍公教"
317,"Apple",107,2,25000,599,"滿意","滿意","台灣之星","不滿意","無意見","滿意",88,6,"女性","台北市","學生"
318,"Apple",106,9,28900,599,"非常滿意","非常滿意","中華電信","滿意","滿意","滿意",88,5,"男性","新北市","學生"
319,"Apple",106,9,28900,599,"非常滿意","非常滿意","中華電信","非常滿意","非常滿意","非常滿意",88,5,"男性","台北市","學生"
320,"Hㄒㄈ",106,7,4500,799,"非常不滿意","非常不滿意","台灣大哥大","非常不滿意","非常不滿意","非常不滿意",87,12,"女性","台北市","學生"
400,"Apple",106,9,23000,599,"滿意","滿意","遠傳","滿意","無意見","滿意",88,7,"男性","台北市","學生"
401,"Samsung",107,6,17000,599,"滿意","非常滿意","台灣大哥大","滿意","無意見","滿意",87,9,"女性","台北市","學生"
402,"Apple",106,10,23500,599,"無意見","滿意","亞太","無意見","滿意","滿意",88,3,"女性","新北市","學生"
403,"Apple",107,2,32000,899,"非常滿意","非常滿意","中華電信","非常滿意","非常滿意","非常滿意",88,3,"男性","新北市","學生"
404,"Sony",105,10,16000,499,"滿意","滿意","遠傳","無意見","無意見","滿意",84,10,"男性","台北市","服務業"
405,"Apple",106,10,28900,699,"滿意","滿意","台灣大哥大","滿意","滿意","滿意",82,1,"女性","基隆市","廣告業"
406,"Apple",107,2,26500,599,"滿意","無意見","台灣大哥大","滿意","滿意","滿意",87,2,"男性","新北市","學生"
407,"Apple",106,7,25000,899,"非常滿意","滿意","中華電信","滿意","無意見","無意見",80,10,"男性","新北市","科技業"
408,"Hㄒㄈ",106,3,18900,999,"無意見","滿意","台灣大哥大","滿意","無意見","無意見",87,11,"男性","台北市","學生"
409,"Apple",105,10,19900,1080,"滿意","滿意","遠傳","不滿意","非常滿意","滿意",84,2,"男性","台北市","服務業"
410,"Samsung",104,3,18000,499,"滿意","無意見","遠傳","非常滿意","滿意","滿意",88,3,"男性","台北市","學生"
411,"Apple",107,1,32000,999,"非常滿意","非常滿意","遠傳","無意見","滿意","無意見",86,10,"女性","新北市","學生"
412,"Apple",107,4,26000,699,"非常滿意","非常滿意","台灣大哥大","滿意","滿意","無意見",85,4,"男性","台北市","學生"
413,"Apple",106,11,18900,849,"滿意","滿意","台灣之星","不滿意","無意見","滿意",86,3,"男性","桃園市","學生"
414,"Hㄒㄈ",105,8,16800,599,"滿意","無意見","遠傳","滿意","滿意","滿意",88,3,"男性","新北市","學生"
415,"Sony",107,6,14500,399,"滿意","無意見","遠傳","不滿意","無意見","滿意",88,2,"女性","新北市","學生"
416,"Samsung",105,9,18000,599,"滿意","滿意","遠傳","無意見","無意見","無意見",87,12,"男性","台北市","學生"
417,"Apple",107,2,29000,899,"滿意","滿意","中華電信","不滿意","無意見","滿意",85,6,"男性","基隆市","服務業"
418,"Apple",105,5,24000,999,"非常滿意","非常滿意","中華電信","不滿意","無意見","無意見",88,3,"男性","新北市","學生"
419,"Apple",106,10,24500,699,"滿意","滿意","中華電信","無意見","滿意","滿意",82,9,"女性","新北市","廣告業"
420,"Apple",107,4,28900,999,"滿意","滿意","台灣大哥大","無意見","無意見","無意見",88,3,"男性","台北市","學生"
500,"Apple",105,9,24500,499,"非常滿意","滿意","遠傳","非常滿意","非常滿意","非常滿意",87,10,"男性","台北市","學生"
500,"Apple",105,9,24500,499,"非常滿意","滿意","遠傳","非常滿意","非常滿意","非常滿意",87,10,"男性","台北市","學生"
501,"其他",106,12,499,699,"非常滿意","非常滿意","中華電信","非常滿意","非常滿意","非常滿意",88,8,"男性","新北市","學生"
501,"其他",106,12,499,699,"非常滿意","非常滿意","中華電信","非常滿意","非常滿意","非常滿意",88,8,"男性","新北市","學生"
502,"Apple",106,1,23000,600,"非常滿意","非常滿意","遠傳","滿意","滿意","滿意",80,12,"女性","新北市","服務業"
502,"Apple",106,1,23000,600,"非常滿意","非常滿意","遠傳","滿意","滿意","滿意",80,12,"女性","新北市","服務業"
503,"Samsung",107,8,12500,499,"滿意","滿意","中華電信","非常滿意","滿意","滿意",67,4,"女性","新北市","服務業"
503,"Samsung",107,8,12500,499,"滿意","滿意","中華電信","非常滿意","滿意","滿意",67,4,"女性","新北市","服務業"
504,"其他",107,5,4990,599,"滿意","不滿意","台灣之星","非常滿意","無意見","不滿意",79,5,"男性","新北市","服務業"
504,"其他",107,5,4990,599,"滿意","不滿意","台灣之星","非常滿意","無意見","不滿意",79,5,"男性","新北市","服務業"
505,"Apple",105,9,18000,988,"非常滿意","不滿意","中華電信","不滿意","不滿意","不滿意",87,10,"男性","台北市","學生"
505,"Apple",105,9,18000,988,"非常滿意","不滿意","中華電信","不滿意","不滿意","不滿意",87,10,"男性","台北市","學生"
506,"Apple",107,7,24000,1200,"非常滿意","非常滿意","遠傳","無意見","滿意","滿意",87,12,"女性","台北市","學生"
506,"Apple",107,7,24000,1200,"非常滿意","非常滿意","遠傳","無意見","滿意","滿意",87,12,"女性","台北市","學生"
507,"Apple",105,9,21000,899,"非常滿意","滿意","台灣大哥大","不滿意","無意見","滿意",87,10,"男性","台北市","服務業"
507,"Apple",105,9,21000,899,"非常滿意","滿意","遠傳","非常不滿意","不滿意","滿意",87,10,"男性","台北市","服務業"
508,"Samsung",107,1,28000,1000,"非常滿意","非常滿意","遠傳","滿意","滿意","滿意",55,12,"女性","台北市","服務業"
508,"Samsung",107,1,28000,1000,"非常滿意","非常滿意","遠傳","滿意","滿意","滿意",55,12,"女性","台北市","服務業"
509,"Apple",103,7,22500,699,"滿意","滿意","遠傳","不滿意","不滿意","無意見",87,12,"男性","台北市","學生"
509,"Apple",103,7,22500,699,"滿意","滿意","遠傳","不滿意","不滿意","無意見",87,12,"男性","台北市","學生"
510,"Apple",105,2,22900,499,"非常滿意","非常滿意","遠傳","非常滿意","滿意","非常滿意",88,5,"男性","新北市","學生"
510,"Apple",105,2,22900,499,"非常滿意","非常滿意","遠傳","非常滿意","不滿意","非常滿意",88,5,"男性","新北市","學生"
511,"Apple",107,5,23000,598,"滿意","滿意","亞太","滿意","無意見","滿意",88,7,"女性","台北市","學生"
511,"Apple",107,5,23000,598,"滿意","滿意","亞太","無意見","無意見","滿意",88,7,"女性","台北市","學生"
512,"Apple",106,3,20000,1000,"非常滿意","非常滿意","中華電信","非常滿意","非常滿意","滿意",87,10,"女性","台北市","學生"
512,"Apple",106,3,20000,1000,"非常滿意","非常滿意","中華電信","非常滿意","非常滿意","滿意",87,10,"女性","台北市","學生"
513,"Apple",106,2,19900,1399,"滿意","滿意","遠傳","無意見","無意見","滿意",87,9,"女性","桃園市","學生"
513,"Apple",106,2,19900,1399,"滿意","滿意","遠傳","無意見","無意見","滿意",87,9,"女性","桃園市","學生"
514,"Apple",104,10,20000,699,"滿意","滿意","中華電信","滿意","滿意","無意見",88,1,"男性","新北市","學生"
514,"Apple",104,10,20000,699,"滿意","滿意","中華電信","滿意","滿意","無意見",88,1,"男性","新北市","學生"
515,"Sony",106,8,10000,999,"滿意","非常滿意","台灣大哥大","不滿意","滿意","滿意",88,3,"女性","新北市","學生"
515,"Sony",106,8,10000,999,"滿意","非常滿意","遠傳","不滿意","滿意","滿意",88,3,"女性","新北市","學生"
516,"Apple",105,6,13000,999,"滿意","滿意","中華電信","滿意","滿意","滿意",88,8,"女性","新北市","學生"
516,"Apple",105,6,13000,999,"滿意","滿意","中華電信","滿意","滿意","滿意",88,8,"女性","新北市","學生"
517,"Samsung",105,3,10000,1399,"滿意","滿意","中華電信","無意見","無意見","滿意",88,3,"女性","新北市","學生"
517,"Samsung",105,3,10000,1399,"滿意","滿意","中華電信","不滿意","無意見","滿意",88,3,"女性","新北市","學生"
518,"Apple",106,10,19000,499,"滿意","非常滿意","遠傳","滿意","滿意","滿意",88,5,"女性","新北市","學生"
518,"Apple",106,10,19000,499,"滿意","非常滿意","遠傳","滿意","滿意","滿意",88,5,"女性","新北市","學生"
519,"Hㄒㄈ",105,8,15000,600,"滿意","無意見","中華電信","滿意","無意見","無意見",88,6,"女性","新北市","學生"
519,"Hㄒㄈ",105,8,15000,600,"滿意","無意見","中華電信","滿意","無意見","無意見",88,6,"女性","新北市","學生"
520,"其他",106,6,15900,699,"滿意","滿意","遠傳","無意見","無意見","滿意",87,12,"男性","其他","學生"
520,"其他",106,6,15900,699,"滿意","滿意","遠傳","無意見","無意見","滿意",87,12,"男性","其他","學生"
600,"Apple",106,7,23000,699,"非常滿意","滿意","中華電信","無意見","滿意","非常滿意",88,3,"男性","其他","學生"
601,"其他",107,2,3000,0,"滿意","滿意","台灣大哥大","無意見","滿意","滿意",87,9,"男性","台北市","學生"
602,"Apple",103,11,30000,299,"非常滿意","非常滿意","台灣之星","滿意","無意見","滿意",87,2,"男性","台北市","學生"
603,"Apple",106,9,19000,600,"非常滿意","非常滿意","中華電信","無意見","無意見","滿意",88,7,"男性","台北市","學生"
604,"Apple",106,8,27000,300,"滿意","滿意","中華電信","無意見","無意見","滿意",88,8,"男性","台北市","學生"
605,"Hㄒㄈ",107,8,21300,499,"非常滿意","非常滿意","台灣大哥大","非常滿意","非常滿意","非常滿意",89,4,"男性","其他","學生"
606,"Apple",105,10,22000,299,"滿意","無意見","台灣之星","滿意","無意見","滿意",88,12,"男性","其他","學生"
607,"ASUS",107,7,1000,705,"滿意","滿意","台灣大哥大","無意見","無意見","無意見",89,4,"男性","台北市","學生"
608,"Apple",104,6,20000,0,"非常滿意","非常滿意","其他","滿意","滿意","滿意",85,6,"男性","台北市","學生"
609,"ASUS",107,6,16000,499,"滿意","滿意","台灣之星","非常滿意","非常滿意","非常滿意",88,12,"男性","台北市","學生"
610,"Apple",107,7,32000,1399,"滿意","滿意","台灣大哥大","不滿意","滿意","非常滿意",85,9,"男性","台北市","學生"
611,"Apple",105,7,18900,799,"滿意","滿意","遠傳","滿意","滿意","無意見",87,10,"男性","新北市","學生"
612,"Apple",106,5,28900,699,"滿意","滿意","台灣之星","滿意","滿意","滿意",88,7,"男性","桃園市","學生"
613,"Apple",106,12,20000,799,"非常滿意","非常滿意","中華電信","滿意","滿意","滿意",88,6,"男性","基隆市","學生"
614,"ASUS",106,3,5000,299,"無意見","不滿意","中華電信","無意見","無意見","不滿意",89,8,"男性","台北市","學生"
615,"Samsung",106,3,10000,789,"滿意","滿意","遠傳","不滿意","無意見","滿意",89,9,"男性","台北市","學生"
616,"Apple",105,1,22000,499,"滿意","滿意","台灣大哥大","非常滿意","滿意","滿意",89,2,"男性","台北市","學生"
617,"Apple",105,10,20000,1000,"不滿意","滿意","中華電信","非常不滿意","非常滿意","無意見",89,1,"男性","台北市","學生"
618,"Samsung",106,9,5700,200,"滿意","滿意","遠傳","不滿意","滿意","滿意",87,10,"男性","台北市","學生"
619,"ASUS",107,4,4000,450,"滿意","無意見","中華電信","滿意","滿意","無意見",89,4,"男性","台北市","學生"
620,"Sony",107,6,15000,799,"非常滿意","非常滿意","中華電信","不滿意","不滿意","非常滿意",89,4,"男性","基隆市","學生"
700,"Hㄒㄈ",106,8,4990,699,"無意見","滿意","台灣之星","不滿意","無意見","無意見",88,8,"女性","其他","學生"
701,"Samsung",106,7,12000,599,"非常滿意","非常滿意","中華電信","無意見","滿意","滿意",88,8,"女性","新北市","學生"
702,"Apple",104,6,18500,699,"非常滿意","非常滿意","遠傳","滿意","滿意","滿意",88,4,"女性","台北市","學生"
703,"Apple",107,2,28100,877,"非常滿意","非常滿意","中華電信","滿意","滿意","滿意",88,5,"女性","其他","學生"
704,"Sony",106,9,7500,787,"滿意","滿意","中華電信","無意見","滿意","滿意",88,8,"女性","台北市","學生"
705,"Apple",107,1,28000,1500,"非常滿意","非常滿意","中華電信","滿意","滿意","滿意",58,10,"女性","其他","金融業"
706,"Apple",105,6,28000,499,"滿意","無意見","中華電信","滿意","滿意","無意見",57,8,"男性","其他","服務業"
707,"Sony",104,5,21000,699,"無意見","不滿意","台灣之星","不滿意","不滿意","不滿意",85,7,"男性","其他","金融業"
708,"Apple",103,5,27000,699,"滿意","非常滿意","中華電信","滿意","滿意","滿意",33,9,"男性","新北市","軍公教"
709,"小米",107,7,6000,300,"滿意","滿意","台灣大哥大","滿意","非常滿意","非常滿意",50,2,"女性","台北市","軍公教"
710,"Samsung",105,12,20000,499,"滿意","滿意","中華電信","無意見","無意見","滿意",66,6,"女性","台北市","軍公教"
711,"小米",105,3,6000,100,"無意見","無意見","中華電信","滿意","不滿意","無意見",86,6,"女性","台北市","學生"
712,"Samsung",105,2,28000,799,"滿意","滿意","遠傳","無意見","無意見","滿意",87,8,"男性","台北市","學生"
713,"Hㄒㄈ",106,1,10000,698,"無意見","無意見","遠傳","滿意","無意見","無意見",86,3,"女性","桃園市","學生"
714,"Samsung",104,10,5800,899,"滿意","不滿意","台灣大哥大","無意見","無意見","滿意",85,12,"男性","其他","學生"
715,"小米",105,8,7500,398,"非常滿意","非常滿意","台灣大哥大","無意見","無意見","非常滿意",56,10,"男性","新北市","軍公教"
716,"LG",104,8,13000,700,"滿意","滿意","台灣大哥大","不滿意","不滿意","滿意",51,3,"男性","台北市","服務業"
717,"Apple",105,3,32000,1069,"非常滿意","非常滿意","台灣大哥大","非常滿意","非常滿意","非常滿意",82,4,"女性","台北市","金融業"
718,"Hㄒㄈ",105,1,23000,890,"滿意","滿意","台灣大哥大","非常滿意","滿意","非常滿意",78,4,"女性","新北市","科技業"
719,"Apple",104,9,29500,397,"滿意","滿意","遠傳","滿意","滿意","非常滿意",58,3,"女性","台北市","家管"
720,"Apple",104,4,21900,599,"滿意","滿意","中華電信","無意見","無意見","滿意",58,11,"女性","其他","金融業"
805,"Sony",106,8,19800,200,"滿意","滿意","遠傳","滿意","滿意","滿意",38,2,"女性","台北市","家管"
806,"Apple",105,11,27625,499,"非常滿意","非常滿意","台灣大哥大","無意見","無意見","滿意",67,9,"女性","台北市","其他"
807,"Apple",105,9,32900,499,"滿意","滿意","中華電信","無意見","無意見","滿意",77,6,"女性","新北市","其他"
808,"Apple",106,3,25000,699,"非常滿意","非常滿意","中華電信","不滿意","無意見","滿意",70,10,"女性","新北市","服務業"
809,"Apple",107,2,34000,699,"滿意","非常滿意","台灣大哥大","滿意","無意見","滿意",78,11,"男性","台北市","服務業"
810,"Apple",106,1,31000,499,"滿意","滿意","遠傳","無意見","無意見","滿意",60,7,"男性","台北市","服務業"
811,"Samsung",107,3,23000,999,"非常滿意","滿意","中華電信","滿意","滿意","非常滿意",79,2,"男性","台北市","科技業"
812,"ASUS",104,3,15000,1000,"滿意","不滿意","中華電信","無意見","非常滿意","滿意",79,6,"女性","新北市","科技業"
813,"Sony",106,8,19800,398,"滿意","滿意","中華電信","滿意","滿意","滿意",31,3,"男性","台北市","其他"
814,"Hㄒㄈ",105,11,8000,700,"無意見","滿意","台灣大哥大","無意見","無意見","滿意",77,11,"男性","台北市","科技業"
815,"Hㄒㄈ",106,12,23500,1399,"滿意","滿意","台灣大哥大","不滿意","滿意","滿意",61,10,"女性","台北市","金融業"
816,"Apple",106,7,30000,699,"非常滿意","非常滿意","中華電信","非常滿意","非常滿意","非常滿意",81,7,"男性","新北市","科技業"
817,"Apple",106,10,30000,399,"非常滿意","非常滿意","台灣大哥大","滿意","滿意","非常滿意",78,11,"女性","台北市","科技業"
818,"Samsung",107,7,28900,699,"非常滿意","非常滿意","遠傳","不滿意","滿意","非常滿意",83,8,"男性","新北市","科技業"
819,"Samsung",107,9,25000,799,"滿意","滿意","台灣大哥大","滿意","無意見","滿意",81,10,"男性","新北市","科技業"
820,"小米",107,11,10000,599,"滿意","滿意","中華電信","無意見","滿意","滿意",84,8,"女性","台北市","學生"
821,"Apple",104,9,30000,699,"滿意","滿意","遠傳","無意見","無意見","無意見",86,8,"女性","台北市","學生"
900,"Apple",106,1,23900,699,"滿意","滿意","中華電信","無意見","無意見","非常滿意",87,12,"男性","台北市","學生"
901,"Sony",107,1,21900,699,"滿意","滿意","台灣大哥大","無意見","滿意","滿意",83,2,"男性","台北市","服務業"
902,"Sony",106,10,20900,799,"非常滿意","滿意","台灣大哥大","滿意","無意見","滿意",84,10,"男性","台北市","服務業"
903,"Apple",105,11,28900,699,"非常滿意","非常滿意","台灣大哥大","無意見","無意見","滿意",85,9,"女性","台北市","學生"
904,"Apple",106,2,22900,498,"非常滿意","非常滿意","中華電信","非常滿意","滿意","非常滿意",86,12,"男性","台北市","學生"
905,"其他",107,8,15500,699,"非常滿意","非常滿意","台灣大哥大","非常滿意","滿意","非常滿意",88,6,"女性","台北市","學生"
906,"其他",106,11,20900,699,"滿意","滿意","台灣之星","無意見","滿意","滿意",85,7,"男性","台北市","學生"
907,"Apple",106,5,25500,899,"非常滿意","滿意","中華電信","無意見","無意見","滿意",84,11,"女性","台北市","學生"
908,"Apple",105,6,12500,498,"滿意","滿意","中華電信","無意見","無意見","滿意",79,6,"男性","台北市","服務業"
909,"其他",106,10,10000,599,"非常滿意","非常滿意","中華電信","滿意","滿意","滿意",88,8,"男性","新北市","學生"
910,"Samsung",107,2,29900,999,"非常滿意","非常滿意","中華電信","無意見","無意見","滿意",83,7,"女性","台北市","服務業"
911,"Sony",106,4,10900,599,"滿意","滿意","中華電信","無意見","無意見","滿意",85,6,"女性","台北市","學生"
912,"Apple",106,2,16300,498,"滿意","滿意","台灣大哥大","滿意","無意見","無意見",84,2,"女性","新北市","學生"
913,"ASUS",105,9,10000,599,"滿意","無意見","中華電信","無意見","無意見","滿意",86,10,"男性","台北市","學生"
914,"Apple",107,1,18900,599,"非常滿意","非常滿意","中華電信","滿意","無意見","非常滿意",87,10,"男性","台北市","學生"
915,"Sony",105,6,20900,799,"滿意","滿意","台灣之星","滿意","滿意","滿意",85,11,"女性","台北市","學生"
916,"Hㄒㄈ",105,3,14900,599,"滿意","滿意","台灣大哥大","無意見","無意見","滿意",86,4,"男性","台北市","學生"
917,"Sony",107,5,22900,698,"滿意","非常滿意","遠傳","滿意","滿意","滿意",88,6,"男性","台北市","學生"
918,"Apple",106,10,25500,798,"非常滿意","滿意","中華電信","滿意","無意見","非常滿意",83,1,"男性","台北市","服務業"
919,"小米",105,10,10000,498,"滿意","無意見","台灣之星","無意見","無意見","無意見",80,11,"男性","台北市","服務業"
920,"Hㄒㄈ",107,4,10000,599,"滿意","非常不滿意","中華電信","無意見","不滿意","不滿意",88,7,"男性","台北市","學生"
1000,"Apple",106,10,26000,887,"非常滿意","非常滿意","中華電信","不滿意","無意見","滿意",87,12,"男性","台北市","學生"
1001,"Apple",106,6,23000,600,"滿意","滿意","遠傳","滿意","滿意","滿意",80,12,"女性","新北市","服務業"
1002,"Apple",105,11,28000,1000,"非常滿意","非常滿意","中華電信","滿意","非常滿意","非常滿意",51,5,"男性","台北市","服務業"
1003,"Apple",107,6,21500,699,"非常滿意","非常滿意","中華電信","滿意","滿意","滿意",52,11,"女性","台北市","軍公教"
1004,"Apple",106,11,29000,699,"滿意","非常滿意","台灣大哥大","滿意","滿意","滿意",82,9,"男性","新北市","服務業"
1005,"Apple",107,8,22000,1399,"非常滿意","非常滿意","台灣大哥大","無意見","不滿意","非常滿意",81,11,"男性","新北市","服務業"
1006,"其他",106,6,15900,699,"滿意","滿意","遠傳","無意見","無意見","滿意",87,12,"男性","其他","學生"
1007,"Samsung",106,3,16900,799,"滿意","滿意","中華電信","無意見","滿意","滿意",88,7,"男性","桃園市","學生"
1008,"Apple",107,5,28000,499,"非常滿意","非常滿意","中華電信","非常滿意","非常滿意","非常滿意",88,5,"男性","台北市","學生"
1009,"Apple",105,9,18900,499,"非常滿意","非常滿意","遠傳","非常滿意","非常滿意","非常滿意",87,10,"男性","台北市","學生"
1010,"Apple",106,7,20000,1025,"滿意","滿意","遠傳","不滿意","不滿意","無意見",87,12,"女性","新北市","學生"
1011,"Hㄒㄈ",107,5,5000,699,"無意見","不滿意","中華電信","無意見","不滿意","無意見",88,5,"男性","台北市","學生"
1012,"Apple",106,7,23000,699,"非常滿意","滿意","中華電信","無意見","滿意","滿意",88,3,"男性","其他","學生"
1013,"Apple",106,2,18000,799,"無意見","無意見","遠傳","不滿意","不滿意","滿意",58,2,"女性","新北市","服務業"
1014,"ASUS",104,1,5000,199,"無意見","無意見","中華電信","無意見","無意見","無意見",87,9,"男性","台北市","學生"
1015,"Samsung",107,8,20000,399,"滿意","滿意","台灣之星","滿意","滿意","滿意",84,4,"女性","台北市","服務業"
1016,"Apple",104,7,18000,499,"滿意","滿意","中華電信","滿意","滿意","滿意",86,7,"女性","台北市","學生"
1017,"Hㄒㄈ",106,10,15000,183,"滿意","滿意","中華電信","滿意","滿意","滿意",50,10,"男性","台北市","金融業"
1018,"其他",107,9,13000,1199,"滿意","滿意","遠傳","滿意","滿意","滿意",27,9,"女性","台北市","家管"
1019,"Hㄒㄈ",107,6,14000,799,"滿意","滿意","台灣大哥大","無意見","滿意","滿意",54,10,"女性","台北市","金融業"
1020,"其他",106,4,9000,1,"非常滿意","非常滿意","台灣大哥大","滿意","滿意","滿意",88,5,"女性","台北市","學生"
1100,"Apple",107,1,29000,499,"非常滿意","非常滿意","台灣大哥大","滿意","滿意","滿意",87,5,"男性","台北市","學生"
1101,"Samsung",107,5,8000,499,"非常滿意","非常滿意","中華電信","非常滿意","非常滿意","非常滿意",89,1,"女性","台北市","學生"
1102,"Apple",103,9,20000,499,"滿意","滿意","中華電信","滿意","滿意","滿意",83,5,"女性","台北市","學生"
1103,"Sony",107,9,30000,599,"無意見","無意見","中華電信","無意見","無意見","無意見",52,5,"女性","台北市","製造業"
1104,"Apple",106,10,16000,499,"滿意","滿意","中華電信","滿意","滿意","滿意",52,3,"男性","台北市","金融業"
1105,"Apple",107,7,18000,499,"無意見","無意見","中華電信","滿意","無意見","無意見",88,2,"女性","新北市","學生"
1106,"ASUS",107,8,8000,199,"無意見","無意見","中華電信","無意見","無意見","無意見",88,8,"男性","台北市","學生"
1107,"小米",105,3,9000,399,"無意見","無意見","中華電信","無意見","無意見","無意見",88,8,"男性","台北市","學生"
1108,"Sony",105,3,9000,199,"無意見","無意見","台灣大哥大","無意見","無意見","無意見",87,10,"男性","台北市","學生"
1109,"Samsung",107,5,17900,699,"滿意","滿意","中華電信","無意見","滿意","無意見",88,5,"男性","桃園市","學生"
1110,"Samsung",106,8,16000,499,"無意見","無意見","遠傳","無意見","無意見","無意見",88,7,"男性","台北市","學生"
1111,"Apple",107,6,25000,599,"非常滿意","滿意","遠傳","滿意","無意見","滿意",89,11,"女性","台北市","學生"
1112,"Apple",106,10,25500,565,"非常滿意","非常滿意","中華電信","非常滿意","非常滿意","非常滿意",84,6,"男性","台北市","學生"
1113,"ASUS",104,1,5000,199,"無意見","無意見","中華電信","無意見","無意見","無意見",87,9,"男性","新北市","學生"
1114,"其他",106,8,15000,199,"滿意","滿意","中華電信","滿意","滿意","滿意",88,8,"女性","台北市","學生"
1115,"Sony",104,4,13000,299,"滿意","滿意","中華電信","無意見","無意見","滿意",88,7,"女性","其他","學生"
1116,"Apple",107,4,28000,499,"滿意","滿意","遠傳","無意見","無意見","滿意",87,12,"男性","其他","學生"
1117,"Apple",106,3,32000,799,"滿意","無意見","遠傳","不滿意","不滿意","無意見",87,10,"女性","新北市","學生"
1118,"Apple",105,2,14400,399,"非常滿意","非常滿意","中華電信","滿意","滿意","滿意",88,3,"男性","其他","學生"
1119,"Sony",106,7,12000,488,"滿意","非常滿意","中華電信","無意見","無意見","無意見",87,9,"女性","新北市","學生"
1120,"Apple",107,5,28000,499,"非常滿意","非常滿意","中華電信","非常滿意","非常滿意","非常滿意",88,5,"男性","台北市","學生"
1200,"Samsung",107,8,9990,899,"非常滿意","非常滿意","遠傳","滿意","滿意","滿意",88,8,"女性","台北市","學生"
1201,"Apple",106,10,22500,298,"非常滿意","無意見","中華電信","非常滿意","無意見","滿意",87,10,"女性","台北市","學生"
1202,"Apple",107,1,28900,616,"非常滿意","非常滿意","台灣大哥大","非常滿意","非常滿意","非常滿意",87,7,"女性","新北市","學生"
1203,"Apple",107,1,15000,299,"非常滿意","非常滿意","台灣大哥大","無意見","無意見","滿意",87,8,"女性","新北市","學生"
1204,"Apple",104,6,12000,288,"非常滿意","滿意","台灣之星","非常滿意","無意見","滿意",87,9,"女性","新北市","學生"
1205,"Apple",106,8,24500,1099,"非常滿意","非常滿意","中華電信","滿意","非常滿意","非常滿意",87,9,"女性","台北市","學生"
1206,"Apple",106,4,19900,1110,"非常滿意","非常滿意","遠傳","不滿意","滿意","滿意",88,2,"女性","新北市","學生"
1207,"ASUS",107,4,12000,1400,"非常滿意","非常滿意","台灣大哥大","非常滿意","無意見","滿意",80,4,"女性","新北市","服務業"
1208,"Apple",106,5,24500,589,"非常滿意","非常滿意","中華電信","滿意","滿意","非常滿意",88,2,"女性","新北市","學生"
1209,"Apple",107,8,28000,1399,"滿意","滿意","中華電信","滿意","滿意","滿意",56,1,"女性","新北市","服務業"
1210,"其他",107,10,7990,990,"滿意","滿意","遠傳","無意見","無意見","滿意",53,7,"女性","台北市","金融業"
1211,"Apple",103,1,22500,499,"滿意","滿意","中華電信","滿意","滿意","滿意",58,8,"女性","台北市","軍公教"
1212,"ASUS",106,9,9000,879,"滿意","滿意","台灣大哥大","滿意","滿意","滿意",81,9,"女性","台北市","服務業"
1213,"Hㄒㄈ",107,9,3000,1000,"滿意","不滿意","中華電信","無意見","無意見","無意見",51,6,"男性","台北市","軍公教"
1214,"Apple",103,7,22500,1099,"滿意","滿意","遠傳","滿意","滿意","滿意",87,8,"女性","新北市","學生"
1215,"其他",106,5,11161,877,"滿意","無意見","中華電信","無意見","滿意","滿意",61,6,"女性","新北市","服務業"
1216,"其他",105,12,13000,799,"滿意","滿意","遠傳","無意見","無意見","滿意",86,12,"女性","台北市","服務業"
1217,"其他",107,2,15000,699,"非常滿意","非常滿意","台灣大哥大","滿意","無意見","滿意",83,4,"女性","新北市","廣告業"
1218,"ASUS",106,7,2984,2899,"滿意","不滿意","中華電信","滿意","滿意","滿意",85,12,"男性","新北市","服務業"
1219,"Apple",105,12,22000,799,"滿意","滿意","中華電信","滿意","滿意","滿意",74,12,"女性","新北市","服務業"
1220,"Apple",105,4,21000,848,"非常滿意","非常滿意","中華電信","非常滿意","非常滿意","非常滿意",80,2,"女性","台北市","科技業"
1300,"Apple",105,3,18000,799,"滿意","滿意","遠傳","非常不滿意","不滿意","滿意",87,10,"女性","新北市","學生"
1301,"其他",106,3,21000,499,"滿意","滿意","中華電信","滿意","滿意","滿意",86,1,"男性","新北市","學生"
1302,"Apple",107,2,28000,799,"滿意","無意見","遠傳","不滿意","不滿意","無意見",87,2,"女性","新北市","學生"
1303,"ASUS",106,12,18000,499,"無意見","無意見","台灣大哥大","無意見","無意見","無意見",58,1,"女性","新北市","服務業"
1304,"Apple",106,12,32000,799,"非常滿意","非常滿意","遠傳","滿意","滿意","非常滿意",83,5,"女性","新北市","服務業"
1305,"Hㄒㄈ",106,3,18000,499,"無意見","無意見","中華電信","滿意","無意見","無意見",87,5,"男性","新北市","學生"
1306,"其他",106,4,20000,599,"非常滿意","非常滿意","台灣大哥大","無意見","滿意","滿意",83,11,"女性","新北市","服務業"
1307,"Apple",107,1,45000,799,"非常滿意","非常滿意","中華電信","滿意","滿意","滿意",72,8,"女性","新北市","其他"
1308,"Samsung",107,8,12000,699,"滿意","滿意","台灣大哥大","滿意","滿意","滿意",53,5,"男性","新北市","服務業"
1309,"Apple",106,10,32000,799,"滿意","滿意","台灣大哥大","滿意","無意見","滿意",58,1,"女性","新北市","服務業"
1310,"Apple",106,10,29000,499,"非常滿意","滿意","中華電信","非常滿意","滿意","滿意",79,12,"女性","新北市","服務業"
1311,"Apple",106,9,18500,999,"滿意","滿意","遠傳","不滿意","滿意","滿意",86,6,"女性","新北市","學生"
1312,"Apple",105,10,22000,1399,"非常滿意","非常滿意","台灣大哥大","滿意","非常滿意","滿意",80,12,"男性","新北市","服務業"
1313,"小米",106,12,12699,699,"滿意","滿意","台灣大哥大","滿意","滿意","滿意",50,10,"男性","新北市","科技業"
1314,"Apple",106,8,27000,499,"滿意","滿意","中華電信","滿意","滿意","無意見",52,2,"女性","新北市","服務業"
1315,"Hㄒㄈ",107,4,30000,1399,"無意見","無意見","中華電信","無意見","無意見","無意見",71,2,"男性","台北市","服務業"
1316,"Samsung",107,4,27000,699,"滿意","滿意","台灣大哥大","滿意","滿意","滿意",57,7,"男性","台北市","服務業"
1317,"Samsung",107,2,16000,699,"滿意","滿意","遠傳","滿意","滿意","滿意",89,10,"男性","台北市","學生"
1318,"Samsung",104,2,7600,999,"無意見","無意見","台灣大哥大","不滿意","無意見","滿意",53,2,"女性","台北市","服務業"
1319,"其他",106,4,18000,499,"非常滿意","滿意","中華電信","滿意","無意見","滿意",87,12,"女性","台北市","學生"
1320,"Apple",106,1,28000,799,"滿意","無意見","遠傳","無意見","無意見","無意見",83,2,"男性","新北市","學生"
1400,"ASUS",107,2,11500,699,"滿意","滿意","台灣之星","滿意","滿意","非常不滿意",88,7,"男性","新北市","學生"
1401,"Apple",104,3,25000,699,"滿意","滿意","遠傳","無意見","無意見","無意見",67,8,"女性","桃園市","其他"
1402,"Sony",106,5,20000,780,"滿意","滿意","台灣大哥大","滿意","滿意","滿意",72,12,"女性","新北市","軍公教"
1403,"Samsung",106,1,9000,188,"無意見","無意見","中華電信","無意見","無意見","無意見",71,5,"男性","新北市","服務業"
1404,"Apple",105,10,17000,499,"非常滿意","滿意","台灣之星","滿意","滿意","滿意",82,9,"女性","桃園市","其他"
1405,"Apple",107,2,26500,699,"非常滿意","非常滿意","台灣之星","不滿意","不滿意","滿意",89,6,"女性","新北市","學生"
1406,"Hㄒㄈ",106,11,18900,599,"非常滿意","滿意","遠傳","滿意","非常滿意","滿意",88,10,"男性","新北市","學生"
1407,"Apple",107,2,39500,1399,"非常滿意","滿意","中華電信","不滿意","滿意","滿意",72,9,"女性","桃園市","其他"
1408,"Apple",105,8,25000,999,"滿意","滿意","台灣大哥大","滿意","滿意","滿意",48,4,"女性","新北市","家管"
1409,"Sony",103,1,12000,799,"滿意","滿意","中華電信","滿意","無意見","滿意",53,12,"女性","桃園市","其他"
1410,"Sony",105,8,20000,699,"滿意","滿意","中華電信","無意見","滿意","滿意",44,11,"男性","桃園市","軍公教"
1411,"Apple",105,11,8000,299,"滿意","無意見","台灣之星","滿意","滿意","滿意",80,9,"男性","新北市","科技業"
1412,"Apple",107,9,19500,488,"滿意","滿意","中華電信","滿意","滿意","滿意",89,1,"女性","新北市","學生"
1413,"Samsung",105,8,24000,599,"無意見","無意見","台灣大哥大","滿意","無意見","無意見",46,1,"男性","新北市","其他"
1414,"Samsung",104,12,23900,799,"滿意","滿意","中華電信","無意見","滿意","滿意",53,3,"男性","桃園市","其他"
1415,"Samsung",104,10,20990,180,"滿意","滿意","中華電信","無意見","無意見","無意見",85,12,"男性","桃園市","學生"
1416,"Samsung",104,6,3990,599,"無意見","不滿意","台灣大哥大","不滿意","無意見","不滿意",91,1,"男性","新北市","學生"
1417,"ASUS",106,12,6000,388,"非常滿意","滿意","台灣之星","滿意","滿意","滿意",85,10,"女性","新北市","學生"
1418,"Apple",105,6,19800,488,"滿意","滿意","台灣大哥大","無意見","無意見","滿意",86,1,"男性","新北市","學生"
1419,"Apple",105,10,23900,498,"滿意","無意見","遠傳","滿意","不滿意","滿意",82,9,"女性","桃園市","其他"
1420,"Samsung",107,3,24000,499,"非常滿意","滿意","遠傳","滿意","非常滿意","滿意",58,12,"女性","台北市","服務業"
1500,"Apple",108,7,28000,500,"非常滿意","非常滿意","台灣大哥大","非常滿意","非常滿意","非常滿意",88,3,"男性","新北市","學生"
1501,"ASUS",107,2,11500,699,"滿意","滿意","台灣之星","滿意","滿意","非常不滿意",88,7,"男性","新北市","學生"
1502,"Apple",107,4,6000,699,"滿意","滿意","台灣之星","滿意","滿意","滿意",88,7,"男性","新北市","學生"
1503,"ASUS",104,1,5000,199,"無意見","無意見","中華電信","無意見","無意見","無意見",87,9,"男性","新北市","學生"
1504,"Apple",107,5,28000,499,"非常滿意","非常滿意","中華電信","非常滿意","非常滿意","非常滿意",88,5,"男性","台北市","學生"
1505,"Hㄒㄈ",106,5,5000,699,"無意見","不滿意","中華電信","無意見","不滿意","無意見",88,5,"男性","台北市","學生"
1506,"其他",106,6,15900,699,"滿意","滿意","遠傳","滿意","無意見","無意見",87,12,"男性","其他","學生"
1507,"Apple",106,8,23000,699,"非常滿意","滿意","中華電信","無意見","滿意","非常滿意",88,3,"男性","其他","學生"
1508,"Apple",107,4,28000,499,"非常滿意","非常滿意","中華電信","非常滿意","非常滿意","非常滿意",88,5,"男性","台北市","學生"
1509,"其他",106,1,16000,299,"滿意","滿意","中華電信","非常滿意","滿意","無意見",88,8,"女性","台北市","學生"
1510,"Hㄒㄈ",106,7,5000,699,"不滿意","不滿意","台灣大哥大","非常不滿意","非常不滿意","不滿意",87,12,"女性","台北市","學生"
1511,"Apple",106,10,26000,488,"滿意","滿意","中華電信","滿意","滿意","滿意",87,12,"男性","台北市","學生"
1512,"Apple",105,10,22000,500,"非常滿意","非常滿意","亞太","非常滿意","非常滿意","非常滿意",88,4,"女性","新北市","學生"
1513,"其他",106,5,9000,0,"滿意","滿意","中華電信","滿意","滿意","滿意",88,5,"女性","台北市","學生"
1514,"Apple",105,8,16000,1450,"滿意","滿意","遠傳","滿意","滿意","滿意",88,8,"男性","台北市","學生"
1515,"Sony",106,7,12000,488,"滿意","無意見","中華電信","無意見","無意見","無意見",87,9,"女性","新北市","學生"
1516,"Apple",105,9,24500,499,"非常滿意","不滿意","遠傳","非常滿意","無意見","滿意",87,10,"男性","台北市","學生"
1517,"Hㄒㄈ",107,3,26000,500,"非常滿意","非常滿意","台灣大哥大","無意見","無意見","滿意",88,2,"男性","新北市","學生"
1518,"Apple",107,8,32000,500,"非常滿意","滿意","遠傳","非常滿意","滿意","滿意",88,6,"女性","基隆市","學生"
1519,"Apple",107,3,20000,1000,"滿意","不滿意","遠傳","無意見","滿意","滿意",88,8,"女性","台北市","學生"
1520,"Apple",106,1,23900,699,"非常滿意","滿意","中華電信","無意見","無意見","滿意",87,12,"男性","台北市","學生"
1600,"Apple",105,8,20000,899,"滿意","滿意","亞太","無意見","無意見","非常滿意",88,3,"女性","桃園市","學生"
1601,"Apple",107,5,20000,1000,"滿意","無意見","遠傳","無意見","無意見","無意見",88,8,"女性","桃園市","學生"
1602,"Apple",106,8,25000,699,"滿意","滿意","中華電信","滿意","滿意","滿意",78,8,"女性","台北市","金融業"
1603,"Apple",107,5,28000,499,"非常滿意","非常滿意","中華電信","非常滿意","非常滿意","非常滿意",88,5,"男性","台北市","學生"
1604,"其他",106,6,15900,699,"滿意","滿意","遠傳","無意見","無意見","滿意",87,12,"男性","其他","學生"
1605,"Apple",106,8,24000,699,"非常滿意","非常滿意","中華電信","無意見","滿意","非常滿意",88,3,"男性","其他","學生"
1606,"Hㄒㄈ",106,12,5500,388,"無意見","不滿意","台灣之星","滿意","無意見","無意見",88,4,"女性","新北市","學生"
1607,"Apple",107,1,29000,499,"非常滿意","非常滿意","台灣大哥大","非常滿意","非常滿意","非常滿意",88,5,"男性","台北市","學生"
1608,"Apple",107,1,29000,499,"非常滿意","非常滿意","台灣大哥大","非常滿意","非常滿意","非常滿意",88,5,"男性","台北市","學生"
1609,"其他",106,5,9000,0,"滿意","滿意","中華電信","滿意","無意見","無意見",88,5,"女性","台北市","學生"
1610,"Apple",106,10,25000,599,"滿意","滿意","中華電信","非常滿意","非常滿意","滿意",86,2,"男性","台北市","學生"
1611,"Hㄒㄈ",106,7,9000,699,"不滿意","不滿意","台灣大哥大","非常不滿意","非常不滿意","非常不滿意",87,12,"女性","台北市","學生"
1612,"Samsung",106,4,15990,599,"非常滿意","滿意","中華電信","無意見","滿意","無意見",88,6,"男性","桃園市","服務業"
1613,"Apple",107,2,25000,599,"滿意","滿意","台灣之星","不滿意","無意見","滿意",88,6,"女性","台北市","學生"
1614,"小米",107,9,10000,699,"無意見","不滿意","台灣之星","滿意","滿意","滿意",88,1,"男性","台北市","學生"
1615,"Apple",107,8,32000,400,"非常滿意","滿意","遠傳","滿意","非常滿意","滿意",88,6,"女性","基隆市","學生"
1616,"Apple",106,10,26000,488,"滿意","滿意","台灣大哥大","滿意","滿意","滿意",87,12,"男性","台北市","學生"
1617,"Apple",106,8,25000,899,"滿意","非常滿意","遠傳","無意見","無意見","滿意",87,12,"女性","桃園市","學生"
1618,"Samsung",107,8,13300,399,"非常滿意","非常滿意","中華電信","滿意","滿意","滿意",87,9,"女性","台北市","學生"
1619,"Apple",106,2,31000,599,"滿意","滿意","台灣之星","無意見","不滿意","無意見",88,7,"女性","新北市","學生"
1620,"其他",106,1,16000,299,"滿意","滿意","中華電信","非常滿意","滿意","滿意",88,8,"女性","台北市","學生"
1700,"Hㄒㄈ",104,7,14900,299,"滿意","不滿意","中華電信","滿意","無意見","滿意",88,5,"女性","新北市","學生"
1701,"Apple",105,12,35000,499,"非常滿意","非常滿意","台灣大哥大","滿意","無意見","滿意",61,4,"女性","台北市","金融業"
1702,"Apple",105,7,32000,499,"非常滿意","非常滿意","台灣大哥大","滿意","滿意","非常滿意",66,7,"女性","新北市","金融業"
1703,"Apple",104,1,25000,498,"滿意","滿意","台灣大哥大","滿意","無意見","滿意",65,4,"女性","台北市","金融業"
1704,"Hㄒㄈ",106,9,9000,799,"滿意","不滿意","台灣大哥大","不滿意","滿意","不滿意",65,8,"女性","台北市","金融業"
1705,"其他",106,1,8000,299,"滿意","滿意","台灣大哥大","非常滿意","非常滿意","滿意",63,9,"男性","新北市","金融業"
1706,"Apple",105,9,23000,499,"滿意","滿意","台灣大哥大","滿意","滿意","滿意",74,2,"男性","新北市","金融業"
1707,"Hㄒㄈ",104,11,7000,499,"非常滿意","滿意","台灣大哥大","非常不滿意","無意見","無意見",65,4,"男性","新北市","金融業"
1708,"Samsung",104,3,15000,499,"滿意","滿意","台灣大哥大","滿意","滿意","滿意",61,10,"女性","台北市","金融業"
1709,"Sony",106,8,18000,1399,"滿意","滿意","台灣大哥大","不滿意","滿意","無意見",65,4,"女性","新北市","金融業"
1710,"Apple",106,12,28000,699,"非常滿意","非常滿意","台灣大哥大","不滿意","無意見","滿意",63,12,"女性","新北市","金融業"
1711,"Samsung",105,2,20000,499,"滿意","滿意","中華電信","滿意","不滿意","無意見",58,11,"女性","台北市","金融業"
1712,"Apple",107,1,30000,499,"非常滿意","非常滿意","台灣大哥大","非常滿意","非常滿意","非常滿意",59,11,"女性","台北市","金融業"
1713,"其他",107,3,9500,499,"非常滿意","非常滿意","台灣大哥大","滿意","滿意","滿意",58,6,"女性","台北市","金融業"
1714,"其他",107,9,8800,499,"滿意","滿意","台灣大哥大","滿意","滿意","滿意",50,5,"女性","新北市","金融業"
1715,"Apple",105,7,28000,499,"滿意","滿意","中華電信","滿意","滿意","滿意",50,5,"男性","新北市","金融業"
1716,"Apple",101,9,26900,299,"滿意","滿意","台灣大哥大","滿意","滿意","滿意",82,3,"男性","新北市","家管"
1717,"Apple",105,10,27000,999,"非常滿意","非常滿意","台灣大哥大","滿意","滿意","滿意",73,9,"女性","新北市","金融業"
1718,"Apple",106,1,28000,499,"滿意","滿意","中華電信","無意見","滿意","滿意",74,7,"女性","新北市","金融業"
1719,"Apple",105,3,21000,499,"非常滿意","非常滿意","中華電信","滿意","非常滿意","非常滿意",57,5,"男性","台北市","金融業"
1720,"Apple",104,2,35000,499,"非常滿意","非常滿意","中華電信","滿意","滿意","滿意",55,4,"女性","新北市","金融業"
1800,"Hㄒㄈ",107,7,4800,0,"滿意","滿意","遠傳","無意見","無意見","滿意",88,5,"女性","台北市","學生"
1801,"Apple",103,7,11300,800,"非常滿意","非常滿意","中華電信","非常滿意","非常滿意","非常滿意",88,5,"女性","台北市","學生"
1802,"Hㄒㄈ",104,7,20900,599,"滿意","滿意","台灣大哥大","無意見","無意見","不滿意",87,7,"女性","新北市","學生"
1803,"其他",106,9,6300,389,"滿意","滿意","遠傳","滿意","無意見","滿意",88,4,"女性","其他","學生"
1804,"Hㄒㄈ",107,3,7900,699,"滿意","滿意","台灣大哥大","滿意","無意見","滿意",56,10,"男性","台北市","服務業"
1805,"Hㄒㄈ",106,5,4900,0,"無意見","滿意","遠傳","無意見","無意見","滿意",54,12,"女性","台北市","家管"
1806,"Sony",105,6,8999,0,"無意見","滿意","亞太","無意見","滿意","無意見",65,7,"男性","台北市","服務業"
1807,"Samsung",107,1,6500,399,"滿意","無意見","遠傳","滿意","滿意","無意見",52,3,"女性","桃園市","服務業"
1808,"Hㄒㄈ",107,9,22000,999,"滿意","滿意","台灣大哥大","滿意","無意見","滿意",54,3,"男性","新北市","製造業"
1809,"Apple",106,10,21500,699,"滿意","滿意","中華電信","無意見","無意見","滿意",54,7,"男性","台北市","服務業"
1810,"ASUS",106,8,11900,899,"滿意","滿意","中華電信","無意見","無意見","滿意",87,9,"女性","台北市","學生"
1811,"Hㄒㄈ",106,2,6500,599,"滿意","滿意","台灣大哥大","無意見","無意見","滿意",88,5,"女性","台北市","學生"
1812,"Hㄒㄈ",102,3,20000,249,"滿意","滿意","台灣大哥大","滿意","滿意","滿意",67,11,"女性","台北市","家管"
1813,"Apple",106,12,31588,789,"非常滿意","非常滿意","台灣大哥大","滿意","滿意","滿意",89,2,"女性","台北市","學生"
1814,"Apple",107,2,31588,469,"滿意","滿意","中華電信","滿意","滿意","滿意",68,8,"男性","台北市","服務業"
1815,"Samsung",107,2,8345,398,"滿意","滿意","台灣大哥大","無意見","無意見","滿意",80,3,"男性","台北市","服務業"
1816,"Sony",106,10,12127,199,"滿意","滿意","台灣大哥大","滿意","滿意","滿意",83,6,"女性","台北市","服務業"
1817,"Sony",107,5,9324,199,"滿意","滿意","台灣之星","無意見","無意見","滿意",79,12,"女性","台北市","科技業"
1818,"Samsung",107,1,20570,599,"滿意","滿意","台灣之星","滿意","滿意","滿意",75,4,"女性","台北市","服務業"
1819,"LG",106,8,12108,288,"滿意","滿意","台灣之星","無意見","滿意","無意見",63,12,"女性","台北市","服務業"
1820,"Samsung",107,8,25765,499,"滿意","滿意","遠傳","無意見","滿意","滿意",88,8,"女性","台北市","學生"
1900,"ASUS",104,6,6500,299,"滿意","滿意","中華電信","滿意","滿意","滿意",87,12,"男性","台北市","學生"
1901,"其他",106,6,15900,699,"滿意","滿意","遠傳","無意見","無意見","滿意",87,12,"男性","其他","學生"
1902,"Apple",107,7,27100,799,"無意見","無意見","遠傳","無意見","無意見","無意見",88,2,"女性","新北市","學生"
1903,"Hㄒㄈ",104,7,1300,656,"無意見","無意見","中華電信","滿意","滿意","滿意",87,8,"女性","新北市","學生"
1904,"Apple",103,2,15000,650,"非常滿意","滿意","中華電信","無意見","滿意","滿意",85,12,"男性","台北市","學生"
1905,"Apple",105,6,20000,599,"不滿意","無意見","中華電信","不滿意","無意見","無意見",88,1,"女性","台北市","學生"
1906,"Apple",104,2,15000,499,"滿意","滿意","遠傳","非常滿意","非常滿意","無意見",86,6,"男性","其他","學生"
1907,"Sony",107,8,22000,799,"不滿意","無意見","亞太","滿意","無意見","滿意",83,2,"男性","新北市","學生"
1908,"Hㄒㄈ",106,3,18000,599,"滿意","無意見","台灣大哥大","無意見","無意見","滿意",85,5,"女性","台北市","學生"
1909,"Apple",107,9,52900,1399,"非常滿意","非常滿意","中華電信","滿意","無意見","非常滿意",86,3,"男性","新北市","學生"
1910,"Apple",106,9,28900,599,"非常滿意","非常滿意","中華電信","非常滿意","非常滿意","非常滿意",88,5,"男性","新北市","學生"
1911,"Apple",105,6,25000,1399,"非常滿意","非常滿意","台灣大哥大","非常不滿意","非常滿意","滿意",86,12,"男性","新北市","學生"
1912,"Apple",104,12,15000,499,"無意見","無意見","中華電信","非常滿意","不滿意","滿意",88,8,"女性","新北市","學生"
1913,"Apple",107,3,3000,999,"滿意","滿意","台灣大哥大","非常不滿意","滿意","非常滿意",84,5,"男性","新北市","學生"
1914,"Apple",105,7,26000,499,"滿意","無意見","中華電信","滿意","無意見","滿意",88,7,"男性","台北市","學生"
1915,"Samsung",107,5,10000,499,"滿意","滿意","台灣大哥大","滿意","滿意","滿意",88,3,"女性","台北市","學生"
1916,"其他",106,4,13000,400,"非常滿意","滿意","中華電信","非常滿意","滿意","滿意",87,12,"女性","台北市","學生"
1917,"Apple",106,2,25000,699,"滿意","非常滿意","台灣大哥大","滿意","滿意","滿意",87,10,"女性","台北市","學生"
1918,"Apple",106,5,10000,599,"非常滿意","非常滿意","台灣大哥大","滿意","滿意","滿意",87,12,"女性","基隆市","學生"
1919,"ASUS",104,8,5000,199,"無意見","無意見","中華電信","無意見","無意見","無意見",87,9,"男性","新北市","學生"
1920,"Apple",106,10,4000,0,"無意見","滿意","中華電信","無意見","無意見","滿意",85,10,"男性","台北市","學生"
2000,"Apple",106,10,28000,899,"非常滿意","非常滿意","台灣大哥大","滿意","非常滿意","非常滿意",87,11,"女性","台北市","學生"
2001,"Apple",106,11,23800,699,"滿意","滿意","中華電信","非常滿意","非常滿意","無意見",87,11,"女性","台北市","學生"
2002,"Apple",107,1,20000,689,"無意見","非常滿意","台灣大哥大","無意見","滿意","非常滿意",86,3,"女性","新北市","服務業"
2003,"Apple",106,5,23000,599,"滿意","非常滿意","台灣大哥大","滿意","滿意","滿意",87,12,"男性","台北市","學生"
2004,"Apple",107,2,23000,599,"滿意","無意見","台灣大哥大","滿意","非常滿意","非常滿意",88,1,"女性","新北市","學生"
2005,"Apple",107,2,28900,799,"無意見","滿意","遠傳","無意見","滿意","滿意",88,2,"女性","台北市","學生"
2006,"Apple",107,5,32000,899,"滿意","滿意","台灣大哥大","滿意","滿意","非常滿意",83,8,"男性","台北市","軍公教"
2007,"Hㄒㄈ",107,2,18900,599,"滿意","無意見","台灣大哥大","滿意","非常滿意","非常滿意",88,7,"女性","新北市","學生"
2008,"Apple",106,5,26500,599,"滿意","滿意","遠傳","滿意","滿意","滿意",88,7,"男性","台北市","學生"
2009,"Samsung",106,9,18000,399,"滿意","滿意","台灣大哥大","滿意","滿意","滿意",88,3,"男性","新北市","學生"
2010,"Apple",107,3,28000,899,"無意見","滿意","中華電信","滿意","無意見","無意見",88,2,"女性","桃園市","學生"
2011,"Apple",107,5,28000,599,"非常滿意","滿意","台灣大哥大","滿意","非常滿意","非常滿意",88,7,"男性","新北市","學生"
2012,"Apple",107,2,26500,899,"非常滿意","滿意","台灣大哥大","無意見","滿意","滿意",88,4,"女性","桃園市","學生"
2013,"Hㄒㄈ",107,8,18000,599,"滿意","無意見","台灣大哥大","滿意","滿意","滿意",87,1,"男性","桃園市","學生"
2014,"小米",107,5,13000,499,"滿意","不滿意","遠傳","滿意","無意見","滿意",88,2,"女性","基隆市","學生"
2015,"Apple",105,9,20000,499,"滿意","滿意","台灣大哥大","滿意","滿意","滿意",88,1,"男性","新北市","學生"
2016,"Samsung",106,3,23000,599,"滿意","無意見","中華電信","滿意","滿意","滿意",88,7,"男性","新北市","學生"
2017,"Apple",105,8,27600,499,"滿意","不滿意","中華電信","滿意","無意見","滿意",88,4,"男性","其他","學生"
2018,"Apple",107,8,32000,499,"非常滿意","滿意","遠傳","非常滿意","非常滿意","非常滿意",88,6,"女性","基隆市","學生"
2019,"Apple",106,12,10800,499,"滿意","滿意","台灣之星","無意見","無意見","滿意",84,3,"男性","基隆市","服務業"
2020,"Apple",105,9,19500,699,"滿意","滿意","遠傳","無意見","滿意","滿意",83,3,"女性","桃園市","服務業"
2100,"Hㄒㄈ",105,12,15000,699,"滿意","滿意","台灣大哥大","滿意","滿意","滿意",87,10,"男性","新北市","學生"
2101,"Sony",106,5,19800,699,"滿意","滿意","遠傳","滿意","滿意","滿意",86,5,"男性","台北市","學生"
2102,"Samsung",107,6,19000,799,"滿意","滿意","台灣大哥大","滿意","滿意","滿意",89,10,"男性","新北市","學生"
2103,"Apple",106,8,20000,688,"滿意","滿意","台灣大哥大","滿意","滿意","滿意",90,12,"女性","新北市","學生"
2104,"Hㄒㄈ",107,2,15000,499,"滿意","滿意","中華電信","滿意","滿意","滿意",89,10,"女性","新北市","學生"
2105,"Apple",106,12,25000,499,"滿意","滿意","台灣大哥大","滿意","滿意","滿意",90,2,"女性","台北市","學生"
2106,"Apple",107,8,39000,1399,"滿意","非常滿意","中華電信","無意見","滿意","滿意",85,2,"女性","台北市","服務業"
2107,"Samsung",106,5,20000,988,"滿意","滿意","台灣大哥大","無意見","滿意","滿意",80,10,"男性","基隆市","服務業"
2108,"Apple",107,6,32000,999,"滿意","滿意","遠傳","無意見","滿意","滿意",90,2,"女性","新北市","學生"
2109,"Hㄒㄈ",107,2,19000,1388,"滿意","滿意","中華電信","無意見","滿意","滿意",85,3,"男性","台北市","學生"
2110,"Apple",106,10,25000,999,"滿意","滿意","遠傳","滿意","滿意","滿意",86,7,"女性","新北市","學生"
2111,"Sony",107,1,18000,499,"滿意","滿意","中華電信","滿意","滿意","滿意",87,11,"男性","台北市","學生"
2112,"Samsung",106,10,21000,750,"滿意","無意見","中華電信","滿意","滿意","滿意",75,8,"女性","新北市","服務業"
2113,"Apple",106,5,23785,788,"無意見","滿意","遠傳","無意見","無意見","滿意",89,12,"男性","新北市","學生"
2114,"Apple",107,5,30000,1399,"滿意","非常滿意","遠傳","無意見","滿意","滿意",82,7,"男性","台北市","服務業"
2115,"Hㄒㄈ",106,10,19000,899,"滿意","滿意","遠傳","無意見","滿意","滿意",88,2,"女性","新北市","學生"
2116,"Apple",107,6,32000,900,"滿意","滿意","中華電信","滿意","滿意","滿意",78,6,"男性","新北市","服務業"
2117,"Sony",106,12,13900,699,"滿意","滿意","台灣大哥大","滿意","滿意","滿意",81,8,"女性","台北市","服務業"
2118,"Samsung",107,3,20000,499,"滿意","滿意","遠傳","滿意","滿意","滿意",87,12,"男性","基隆市","學生"
2119,"ASUS",106,10,8000,599,"滿意","滿意","亞太","滿意","滿意","滿意",68,3,"男性","新北市","服務業"
2120,"Sony",106,5,19800,699,"滿意","滿意","遠傳","滿意","滿意","滿意",86,5,"男性","台北市","學生"
2200,"ASUS",106,12,4500,399,"滿意","滿意","台灣之星","不滿意","無意見","滿意",88,3,"女性","新北市","學生"
2201,"小米",105,9,4500,499,"無意見","不滿意","遠傳","不滿意","無意見","不滿意",69,9,"男性","新北市","製造業"
2202,"ASUS",107,8,15000,699,"滿意","滿意","台灣之星","不滿意","無意見","滿意",75,7,"女性","新北市","製造業"
2203,"ASUS",107,6,12000,399,"滿意","滿意","台灣之星","滿意","滿意","滿意",91,11,"女性","新北市","學生"
2204,"Sony",107,1,20000,599,"滿意","滿意","台灣之星","滿意","無意見","滿意",89,7,"男性","台北市","學生"
2205,"Sony",106,12,21000,599,"非常滿意","非常滿意","台灣大哥大","滿意","滿意","滿意",87,9,"女性","台北市","學生"
2206,"其他",107,3,4900,150,"無意見","無意見","中華電信","無意見","無意見","無意見",54,7,"女性","桃園市","服務業"
2207,"Apple",107,7,40000,699,"滿意","非常滿意","台灣之星","滿意","滿意","非常滿意",74,6,"女性","新北市","家管"
2208,"Apple",107,8,40000,388,"非常滿意","非常滿意","台灣之星","非常滿意","非常滿意","非常滿意",90,11,"女性","新北市","學生"
2209,"Hㄒㄈ",106,5,14000,400,"滿意","滿意","台灣大哥大","無意見","滿意","滿意",71,12,"女性","新北市","製造業"
2210,"Samsung",106,4,12000,388,"滿意","滿意","台灣之星","無意見","滿意","滿意",89,4,"女性","新北市","學生"
2211,"ASUS",107,5,18000,600,"滿意","非常滿意","台灣之星","滿意","滿意","滿意",70,4,"男性","新北市","製造業"
2212,"Hㄒㄈ",107,8,18000,388,"滿意","滿意","台灣之星","無意見","滿意","非常滿意",57,9,"女性","台北市","服務業"
2213,"Sony",107,9,21000,600,"滿意","滿意","中華電信","無意見","無意見","無意見",82,6,"女性","台北市","科技業"
2214,"其他",107,3,20000,500,"無意見","無意見","台灣之星","無意見","無意見","無意見",92,7,"女性","其他","學生"
2215,"Apple",107,9,40000,400,"非常滿意","非常滿意","台灣之星","無意見","滿意","滿意",90,1,"男性","台北市","學生"
2216,"ASUS",106,8,18000,700,"滿意","滿意","遠傳","不滿意","無意見","滿意",71,7,"女性","新北市","家管"
2217,"ASUS",107,2,16000,500,"無意見","無意見","台灣大哥大","無意見","無意見","滿意",79,6,"男性","新北市","服務業"
2218,"Sony",107,5,20000,400,"滿意","滿意","台灣之星","滿意","滿意","滿意",87,4,"女性","新北市","學生"
2219,"Apple",107,1,42000,900,"滿意","滿意","台灣之星","無意見","無意見","無意見",88,2,"女性","新北市","學生"
2220,"Apple",107,8,50000,1000,"滿意","滿意","中華電信","滿意","滿意","無意見",87,12,"女性","新北市","學生"
2400,"Apple",107,8,32000,499,"非常滿意","滿意","遠傳","滿意","非常滿意","滿意",88,6,NA,NA,"學生"
2401,"Hㄒㄈ",106,5,5000,699,"無意見","不滿意","中華電信","無意見","不滿意","無意見",88,5,"男性","台北市","學生"
2402,"Apple",107,2,25000,499,"滿意","滿意","亞太","無意見","滿意","滿意",88,5,"女性","台北市","學生"
2403,"Apple",106,8,24000,699,"非常滿意","非常滿意","中華電信","無意見","滿意","非常滿意",88,3,"男性","其他","學生"
2404,"Apple",106,8,28000,699,"非常滿意","非常滿意","中華電信","滿意","滿意","非常滿意",82,5,"男性","台北市","服務業"
2405,"Hㄒㄈ",106,7,9000,699,"不滿意","不滿意","台灣大哥大","非常不滿意","非常不滿意","不滿意",87,12,"女性","台北市","學生"
2406,"Apple",106,9,28900,599,"非常滿意","非常滿意","中華電信","無意見","不滿意","非常滿意",88,5,"女性",NA,"學生"
2407,"其他",106,1,19000,299,"滿意","滿意","中華電信","非常滿意","非常滿意","滿意",88,8,"女性","台北市","學生"
2408,"Apple",106,5,26000,699,"滿意","滿意","中華電信","非常滿意","非常滿意","滿意",76,5,"女性","台北市","廣告業"
2409,"Samsung",106,3,14990,499,"滿意","滿意","中華電信","無意見","無意見","無意見",88,5,"男性","桃園市","學生"
2410,"Apple",105,8,16000,1405,"滿意","滿意","遠傳","滿意","滿意","滿意",88,8,"男性","台北市","學生"
2411,"Apple",107,5,19999,1000,"滿意","滿意","遠傳","滿意","滿意","滿意",88,8,"女性","台北市","學生"
2412,"Apple",106,10,26000,488,"滿意","滿意","中華電信","滿意","滿意","滿意",87,12,"男性","台北市","學生"
2413,"Apple",107,5,28000,699,"滿意","滿意","台灣之星","滿意","非常滿意","滿意",87,9,"男性","基隆市","學生"
2414,"Samsung",107,8,13300,399,"非常滿意","非常滿意","中華電信","滿意","滿意","滿意",87,9,"女性","台北市","學生"
2415,"Apple",106,2,31000,599,"滿意","滿意","台灣之星","無意見","不滿意","無意見",88,7,"女性","新北市","學生"
2416,"Sony",106,7,12000,488,"滿意","無意見","中華電信","無意見","無意見","無意見",87,9,"女性","新北市","學生"
2417,"Apple",105,9,24500,499,"非常滿意","不滿意","遠傳","非常滿意","無意見","滿意",87,10,"男性","台北市","學生"
2418,"Hㄒㄈ",106,3,29000,499,"滿意","滿意","中華電信","滿意","滿意","滿意",88,3,"女性","台北市","學生"
2419,"其他",106,5,9000,0,"滿意","滿意","中華電信","滿意","無意見","滿意",88,5,"女性","台北市","學生"
2420,"Samsung",106,6,16900,699,"滿意","無意見","台灣大哥大","無意見","滿意","滿意",88,6,"男性","桃園市","學生"
2500,"Samsung",106,2,15990,697,"非常滿意","滿意","中華電信","無意見","無意見","滿意",88,7,"男性","桃園市","學生"
2501,"Apple",107,3,25000,693,"非常滿意","滿意","中華電信","非常不滿意","無意見","滿意",86,4,"女性","桃園市","學生"
2502,"Apple",106,8,22000,699,"非常滿意","非常滿意","中華電信","無意見","無意見","滿意",88,3,"男性","其他","學生"
2503,"Hㄒㄈ",106,8,5000,699,"滿意","非常不滿意","中華電信","不滿意","無意見","無意見",88,5,"男性","台北市","學生"
2504,"ASUS",104,1,5000,199,"無意見","無意見","中華電信","無意見","不滿意","無意見",87,9,"男性","新北市","學生"
2505,"Apple",107,4,28000,499,"非常滿意","非常滿意","中華電信","非常滿意","非常滿意","非常滿意",88,5,"男性","台北市","學生"
2506,"Sony",106,8,9900,462,"無意見","不滿意","中華電信","不滿意","無意見","無意見",90,11,"男性","桃園市","學生"
2507,"Apple",106,9,25000,1399,"非常滿意","非常滿意","台灣大哥大","滿意","滿意","非常滿意",84,9,"男性","桃園市","服務業"
2508,"Apple",107,3,29000,599,"非常滿意","非常滿意","遠傳","非常滿意","無意見","非常滿意",84,6,"女性","桃園市","服務業"
2509,"ASUS",105,5,4999,99,"滿意","非常不滿意","中華電信","無意見","滿意","不滿意",62,5,"女性","桃園市","家管"
2510,"Samsung",107,7,17990,299,"滿意","非常滿意","中華電信","滿意","無意見","非常滿意",58,10,"男性","桃園市","科技業"
2511,"Apple",105,7,26500,499,"非常滿意","非常滿意","遠傳","非常滿意","非常滿意","非常滿意",83,7,"女性","台北市","服務業"
2512,"Apple",106,6,17000,1399,"滿意","滿意","中華電信","滿意","滿意","滿意",81,7,"男性","桃園市","服務業"
2513,"Apple",105,3,17000,999,"滿意","滿意","遠傳","無意見","無意見","滿意",85,7,"女性","桃園市","學生"
2514,"Samsung",106,9,23000,1399,"非常滿意","非常滿意","中華電信","滿意","滿意","非常滿意",77,4,"男性","桃園市","服務業"
2515,"Apple",107,1,31000,699,"非常滿意","非常滿意","遠傳","滿意","滿意","滿意",88,12,"女性","桃園市","學生"
2516,"Samsung",106,9,27000,99,"滿意","非常滿意","中華電信","非常滿意","滿意","滿意",86,12,"男性","桃園市","服務業"
2517,"ASUS",106,1,10000,399,"滿意","滿意","遠傳","無意見","滿意","滿意",89,1,"女性","桃園市","學生"
2518,"Apple",106,3,17000,499,"滿意","滿意","台灣大哥大","非常滿意","滿意","滿意",76,3,"男性","桃園市","服務業"
2519,"LG",107,7,12900,599,"滿意","滿意","亞太","無意見","無意見","非常滿意",82,4,"女性","桃園市","金融業"
2520,"Apple",107,9,41500,1399,"非常滿意","非常滿意","台灣之星","無意見","無意見","滿意",78,3,"男性","新北市","服務業"
2600,"Sony",102,4,13000,299,"滿意","無意見","中華電信","非常滿意","無意見","滿意",88,7,"女性","其他","學生"
2601,"Apple",106,5,15000,699,"非常滿意","滿意","亞太","滿意","無意見","無意見",87,11,"男性","台北市","學生"
2602,"Apple",105,11,10000,589,"無意見","滿意","遠傳","滿意","滿意","滿意",85,2,"女性","新北市","學生"
2603,"Hㄒㄈ",107,1,18000,598,"非常滿意","滿意","台灣大哥大","不滿意","無意見","無意見",88,1,"男性","桃園市","學生"
2604,"小米",107,1,13000,399,"滿意","滿意","亞太","無意見","滿意","滿意",75,4,"男性","基隆市","科技業"
2605,"Apple",107,4,15000,699,"非常滿意","非常滿意","遠傳","滿意","滿意","非常滿意",80,3,"女性","台北市","家管"
2606,"Apple",106,9,14000,699,"非常滿意","滿意","中華電信","非常滿意","非常滿意","非常滿意",79,8,"女性","新北市","服務業"
2607,"小米",106,6,14000,399,"非常滿意","滿意","遠傳","無意見","無意見","不滿意",86,3,"女性","其他","學生"
2608,"Apple",107,5,13000,599,"非常滿意","滿意","遠傳","滿意","無意見","滿意",85,12,"女性","其他","服務業"
2609,"Apple",106,10,9000,499,"滿意","無意見","台灣大哥大","滿意","滿意","滿意",87,11,"男性","其他","學生"
2610,"Sony",106,9,15000,699,"滿意","滿意","台灣之星","無意見","無意見","非常滿意",80,8,"女性","台北市","服務業"
2611,"Apple",106,10,18000,299,"非常滿意","無意見","遠傳","無意見","無意見","無意見",81,1,"女性","其他","軍公教"
2612,"Hㄒㄈ",106,4,11000,489,"滿意","滿意","遠傳","非常滿意","非常滿意","非常滿意",84,11,"女性","其他","服務業"
2613,"Sony",107,3,14000,899,"滿意","滿意","中華電信","不滿意","無意見","滿意",57,8,"男性","桃園市","服務業"
2614,"Apple",107,4,20000,599,"非常滿意","滿意","中華電信","非常滿意","非常滿意","滿意",78,4,"女性","台北市","軍公教"
2615,"小米",106,10,5000,299,"非常滿意","無意見","中華電信","無意見","滿意","不滿意",57,10,"女性","其他","服務業"
2616,"Samsung",105,8,12500,499,"無意見","無意見","台灣大哥大","滿意","不滿意","滿意",80,3,"男性","基隆市","廣告業"
2617,"Sony",105,1,8500,399,"滿意","滿意","台灣之星","非常滿意","非常滿意","無意見",55,2,"女性","其他","家管"
2618,"Hㄒㄈ",106,9,7000,599,"非常滿意","滿意","遠傳","不滿意","不滿意","不滿意",65,3,"女性","其他","家管"
2619,"Samsung",106,12,9000,499,"滿意","非常滿意","遠傳","滿意","滿意","滿意",78,4,"女性","其他","服務業"
2620,"Hㄒㄈ",107,3,16000,599,"滿意","無意見","台灣大哥大","不滿意","無意見","無意見",80,4,"女性","台北市","服務業"
2700,"其他",106,5,9000,0,"滿意","非常滿意","中華電信","非常滿意","非常滿意","滿意",88,5,"女性","台北市","學生"
2701,"Apple",104,7,26000,799,"滿意","滿意","中華電信","無意見","無意見","滿意",79,11,"男性","新北市","服務業"
2702,"Apple",106,12,40000,799,"滿意","滿意","台灣大哥大","無意見","無意見","滿意",78,8,"男性","台北市","服務業"
2703,"Apple",107,3,24000,700,"非常滿意","滿意","中華電信","不滿意","滿意","滿意",87,10,"女性","台北市","學生"
2704,"其他",107,8,15000,699,"滿意","滿意","中華電信","不滿意","滿意","滿意",71,2,"女性","新北市","服務業"
2705,"Apple",106,2,24000,799,"滿意","滿意","中華電信","滿意","滿意","非常滿意",82,11,"女性","台北市","學生"
2706,"其他",106,2,3000,700,"滿意","滿意","台灣之星","滿意","無意見","滿意",83,4,"女性","台北市","學生"
2707,"Apple",107,5,28500,689,"非常滿意","非常滿意","中華電信","滿意","滿意","滿意",86,2,"男性","台北市","學生"
2708,"Hㄒㄈ",106,7,12000,0,"滿意","滿意","中華電信","無意見","無意見","無意見",86,3,"女性","台北市","學生"
2709,"Apple",104,2,24000,700,"非常滿意","非常滿意","台灣大哥大","不滿意","無意見","非常滿意",86,12,"男性","桃園市","學生"
2710,"Apple",106,7,5000,470,"無意見","無意見","台灣之星","滿意","滿意","無意見",86,1,"男性","新北市","學生"
2711,"Apple",105,4,20990,499,"滿意","滿意","中華電信","非常滿意","滿意","滿意",77,9,"女性","台北市","服務業"
2712,"Apple",107,9,20990,389,"非常滿意","非常滿意","中華電信","非常滿意","非常滿意","非常滿意",88,1,"女性","台北市","學生"
2713,"Apple",106,2,38000,799,"無意見","無意見","遠傳","不滿意","不滿意","無意見",87,10,"女性","新北市","學生"
2714,"其他",106,5,9000,0,"滿意","滿意","中華電信","滿意","滿意","滿意",87,2,"女性","台北市","學生"
2715,"Samsung",104,12,16000,0,"滿意","無意見","中華電信","無意見","滿意","滿意",54,11,"男性","台北市","服務業"
2716,"Samsung",105,6,18000,0,"滿意","滿意","中華電信","無意見","無意見","無意見",60,7,"女性","台北市","服務業"
2717,"Apple",107,2,25000,699,"滿意","滿意","台灣大哥大","非常不滿意","滿意","滿意",87,10,"女性","其他","學生"
2718,"Sony",106,7,12000,488,"滿意","不滿意","中華電信","無意見","無意見","無意見",87,9,"女性","新北市","學生"
2719,"Hㄒㄈ",105,7,5000,399,"滿意","滿意","遠傳","滿意","無意見","無意見",80,8,"女性","新北市","其他"
2720,"Hㄒㄈ",105,4,28000,799,"滿意","無意見","中華電信","無意見","滿意","無意見",82,2,"男性","台北市","服務業"
2801,"Apple",105,7,14400,399,"滿意","滿意","中華電信","滿意","滿意","滿意",88,7,"女性","台北市","學生"
2802,"Apple",106,8,27000,1399,"非常滿意","滿意","中華電信","非常滿意","非常滿意","非常滿意",88,3,"男性","台北市","學生"
2803,"Apple",107,3,12000,499,"非常滿意","非常滿意","遠傳","滿意","非常滿意","非常滿意",87,10,"女性","新北市","學生"
2804,"其他",106,12,5000,1399,"滿意","滿意","遠傳","無意見","無意見","無意見",86,11,"女性","台北市","學生"
2805,"Apple",106,10,25500,565,"滿意","非常滿意","台灣大哥大","非常滿意","滿意","滿意",88,3,"女性","新北市","學生"
2806,"其他",106,5,6000,899,"非常滿意","非常滿意","中華電信","非常滿意","滿意","非常滿意",87,10,"女性","台北市","學生"
2807,"其他",106,2,6000,700,"無意見","滿意","中華電信","滿意","滿意","滿意",88,7,"女性","新北市","學生"
2808,"Samsung",103,5,20000,499,"滿意","滿意","中華電信","無意見","滿意","滿意",88,8,"女性","新北市","學生"
2809,"Apple",107,5,21000,589,"非常滿意","非常滿意","中華電信","非常滿意","不滿意","非常滿意",88,5,"男性","桃園市","學生"
2810,"Apple",107,1,29000,499,"非常滿意","非常滿意","台灣大哥大","滿意","滿意","滿意",87,6,"男性","台北市","學生"
2811,"其他",104,5,7900,499,"非常滿意","非常滿意","遠傳","非常滿意","非常滿意","滿意",88,1,"男性","桃園市","學生"
2812,"Apple",105,10,20000,488,"非常滿意","非常滿意","遠傳","滿意","非常滿意","非常滿意",88,3,"男性","新北市","學生"
2813,"Apple",107,1,35900,760,"非常滿意","非常滿意","台灣大哥大","滿意","非常不滿意","非常滿意",88,1,"男性","新北市","學生"
2814,"Apple",106,10,28000,599,"非常滿意","滿意","台灣大哥大","滿意","不滿意","滿意",88,3,"女性","台北市","學生"
2815,"Samsung",107,8,17000,1200,"非常滿意","滿意","台灣大哥大","不滿意","無意見","無意見",87,12,"女性","台北市","學生"
2816,"Samsung",106,11,19000,499,"滿意","滿意","中華電信","滿意","無意見","滿意",88,1,"女性","台北市","學生"
2817,"其他",105,2,10800,200,"非常滿意","非常滿意","台灣大哥大","滿意","不滿意","滿意",88,3,"男性","台北市","學生"
2818,"Samsung",106,8,21000,1390,"非常滿意","非常滿意","台灣大哥大","非常滿意","滿意","非常滿意",88,8,"男性","台北市","學生"
2819,"Apple",106,4,26000,1399,"非常滿意","非常滿意","中華電信","非常滿意","非常滿意","非常滿意",87,9,"男性","台北市","學生"
2820,"Apple",106,6,27000,1399,"非常滿意","非常滿意","中華電信","非常滿意","非常滿意","非常滿意",87,12,"男性","台北市","學生"
3000,"其他",106,6,15900,699,"滿意","滿意","遠傳","無意見","無意見","滿意",87,12,"男性","其他","學生"
3001,"Samsung",106,4,15900,499,"滿意","滿意","遠傳","滿意","滿意","滿意",88,6,"男性","桃園市","學生"
3002,"Apple",107,5,28000,499,"非常滿意","非常滿意","中華電信","非常滿意","非常滿意","非常滿意",88,5,"男性","台北市","學生"
3003,"Apple",106,10,26000,887,"滿意","滿意","中華電信","不滿意","無意見","滿意",87,12,"男性","台北市","學生"
3004,"Apple",105,9,18900,499,"非常滿意","非常滿意","遠傳","非常滿意","非常滿意","非常滿意",87,10,"男性","台北市","學生"
3005,"Hㄒㄈ",107,6,5000,699,"滿意","不滿意","中華電信","無意見","不滿意","無意見",88,5,"男性","台北市","學生"
3006,"Apple",106,8,23000,699,"非常滿意","滿意","中華電信","無意見","滿意","滿意",88,3,"男性","其他","學生"
3007,"Hㄒㄈ",106,7,4500,799,"不滿意","非常不滿意","台灣大哥大","非常不滿意","非常不滿意","非常不滿意",87,12,"女性","台北市","學生"
3008,"ASUS",104,1,5000,199,"無意見","無意見","中華電信","無意見","無意見","無意見",87,9,"男性","新北市","學生"
3009,"其他",106,1,20000,299,"滿意","滿意","中華電信","非常滿意","滿意","滿意",88,8,"女性","台北市","學生"
3010,"Samsung",107,8,12200,346,"滿意","非常滿意","中華電信","滿意","無意見","滿意",87,9,"女性","台北市","學生"
3011,"Hㄒㄈ",106,5,12000,699,"滿意","滿意","台灣大哥大","滿意","滿意","滿意",87,10,"男性","新北市","學生"
3012,"Apple",106,7,23000,699,"非常滿意","非常滿意","中華電信","非常滿意","非常滿意","非常滿意",88,5,"男性","台北市","學生"
3013,"Apple",106,9,28000,699,"非常滿意","非常滿意","中華電信","非常滿意","非常滿意","非常滿意",87,9,"女性","台北市","學生"
3014,"Apple",106,9,28900,599,"非常滿意","非常滿意","中華電信","滿意","滿意","非常滿意",88,5,"男性","新北市","學生"
3015,"Apple",106,2,31000,599,"滿意","滿意","台灣之星","無意見","不滿意","無意見",88,7,"女性","新北市","學生"
3016,"Apple",106,1,20000,699,"滿意","滿意","中華電信","無意見","無意見",NA,87,12,"男性","台北市","學生"
3017,"ASUS",107,2,11500,699,"滿意","滿意","台灣之星","滿意","滿意","非常不滿意",88,7,"男性","新北市","學生"
3018,"Apple",107,9,6000,699,"滿意","滿意","台灣之星","滿意","滿意","滿意",88,7,"男性","新北市","學生"
3019,"Apple",107,2,25000,599,"滿意","滿意","台灣之星","不滿意","無意見","滿意",88,6,"女性","台北市","學生"
3020,"Sony",105,4,13000,299,"滿意","非常滿意","中華電信","滿意","滿意","無意見",80,7,"女性","其他","服務業"
3100,"Hㄒㄈ",106,7,4500,799,"不滿意","不滿意","台灣大哥大","不滿意","不滿意","非常不滿意",87,12,"女性","台北市","學生"
3101,"其他",106,1,15000,199,"滿意","滿意","中華電信","滿意","滿意","滿意",88,8,"女性","台北市","學生"
3102,"Apple",106,3,30000,799,"滿意","不滿意","遠傳","無意見","不滿意","滿意",88,8,"女性","台北市","學生"
3103,"Apple",107,2,25000,599,"滿意","滿意","台灣之星","不滿意","無意見","無意見",88,6,"女性","其他","學生"
3104,"Samsung",106,7,19000,799,"滿意","無意見","台灣大哥大","不滿意","不滿意","不滿意",87,11,"男性","台北市","學生"
3105,"Apple",106,7,21000,699,"非常滿意","滿意","中華電信","無意見","滿意","滿意",88,3,"男性","其他","學生"
3106,"Apple",107,1,28000,599,"非常滿意","非常滿意","台灣大哥大","無意見","無意見","滿意",87,2,"男性","其他","學生"
3107,"Hㄒㄈ",106,8,8000,499,"不滿意","不滿意","中華電信","滿意","滿意","不滿意",90,2,"男性","台北市","學生"
3108,"Apple",107,3,15000,699,"非常滿意","非常滿意","台灣大哥大","無意見","無意見","滿意",85,7,"女性","台北市","學生"
3109,"Apple",106,9,20000,699,"非常滿意","滿意","台灣大哥大","不滿意","無意見","滿意",82,8,"女性","台北市","服務業"
3110,"Hㄒㄈ",106,12,7500,499,"滿意","滿意","遠傳","不滿意","不滿意","無意見",86,1,"男性","新北市","學生"
3111,"Samsung",107,6,16000,599,"滿意","滿意","亞太","無意見","不滿意","滿意",89,11,"女性","台北市","學生"
3112,"其他",106,3,12000,599,"滿意","滿意","中華電信","無意見","無意見","滿意",88,4,"女性","新北市","學生"
3113,"其他",107,9,23000,399,"滿意","滿意","台灣大哥大","非常滿意","非常滿意","滿意",83,7,"女性","桃園市","服務業"
3114,"Hㄒㄈ",107,2,8500,499,"不滿意","非常不滿意","台灣之星","非常滿意","非常滿意","不滿意",85,2,"男性","台北市","學生"
3115,"Apple",106,10,20000,599,"滿意","滿意","中華電信","滿意","滿意","滿意",90,5,"男性","新北市","學生"
3116,"ASUS",106,6,12000,399,"無意見","無意見","台灣大哥大","非常滿意","非常滿意","無意見",86,12,"女性","桃園市","學生"
3117,"Hㄒㄈ",107,8,9000,499,"非常滿意","非常滿意","中華電信","無意見","無意見","非常滿意",87,7,"女性","台北市","學生"
3118,"Samsung",106,10,23000,799,"滿意","非常滿意","台灣大哥大","不滿意","無意見","無意見",77,7,"男性","基隆市","服務業"
3119,"其他",106,6,17000,699,"不滿意","不滿意","台灣大哥大","非常不滿意","非常不滿意","非常不滿意",88,3,"男性","新北市","學生"
3120,"Apple",107,7,18000,499,"滿意","非常滿意","遠傳","滿意","滿意","非常滿意",86,4,"女性","台北市","學生"
3200,"Hㄒㄈ",106,3,13000,499,"滿意","滿意","中華電信","滿意","滿意","滿意",87,10,"女性","台北市","學生"
3201,"Samsung",107,5,8000,499,"非常滿意","非常滿意","中華電信","非常滿意","非常滿意","非常滿意",89,1,"女性","台北市","學生"
3202,"Apple",107,9,40000,499,"滿意","滿意","中華電信","滿意","滿意","滿意",83,5,"女性","台北市","學生"
3203,"Samsung",107,5,13000,399,"無意見","無意見","中華電信","無意見","無意見","無意見",52,5,"女性","台北市","製造業"
3204,"Apple",106,10,16000,499,"滿意","滿意","中華電信","滿意","滿意","滿意",52,3,"男性","台北市","金融業"
3205,"Apple",107,7,18000,499,"無意見","無意見","中華電信","滿意","無意見","無意見",88,2,"女性","新北市","學生"
3206,"ASUS",107,5,8000,199,"無意見","無意見","中華電信","無意見","無意見","無意見",88,8,"男性","台北市","學生"
3207,"小米",105,6,9000,399,"無意見","無意見","中華電信","無意見","無意見","無意見",88,8,"男性","台北市","學生"
3208,"Sony",105,3,9000,199,"無意見","無意見","台灣大哥大","無意見","無意見","無意見",87,10,"男性","台北市","學生"
3209,"Samsung",107,4,17900,699,"滿意","滿意","中華電信","無意見","滿意","無意見",88,5,"男性","桃園市","學生"
3210,"Samsung",106,8,16000,499,"無意見","無意見","遠傳","無意見","無意見","無意見",88,7,"男性","台北市","學生"
3211,"Apple",107,7,18000,499,"滿意","滿意","中華電信","滿意","無意見","滿意",89,11,"女性","台北市","學生"
3212,"Apple",107,9,40000,499,"非常滿意","非常滿意","中華電信","非常滿意","非常滿意","非常滿意",84,6,"男性","台北市","學生"
3213,"ASUS",104,1,5000,199,"無意見","無意見","中華電信","無意見","無意見","無意見",87,9,"男性","新北市","學生"
3214,"其他",106,1,15000,199,"滿意","滿意","中華電信","滿意","滿意","滿意",88,8,"女性","台北市","學生"
3215,"Sony",104,4,13000,299,"滿意","滿意","中華電信","無意見","無意見","滿意",88,7,"女性","其他","學生"
3216,"其他",106,6,15900,699,"滿意","滿意","遠傳","無意見","無意見","滿意",87,12,"男性","其他","學生"
3217,"Apple",106,2,32000,799,"滿意","無意見","遠傳","不滿意","不滿意","無意見",87,10,"女性","新北市","學生"
3218,"Apple",106,7,23000,699,"非常滿意","非常滿意","中華電信","滿意","滿意","滿意",88,3,"男性","其他","學生"
3219,"Sony",106,7,12000,488,"滿意","無意見","中華電信","無意見","無意見","無意見",87,9,"女性","新北市","學生"
3220,"Apple",107,5,28000,499,"非常滿意","非常滿意","中華電信","非常滿意","非常滿意","非常滿意",88,5,"男性","台北市","學生"
3300,"Apple",106,4,25000,499,"滿意","非常滿意","中華電信","滿意","滿意","滿意",87,12,"女性","台北市","學生"
3301,"其他",106,4,18000,499,"滿意","無意見","台灣大哥大","滿意","滿意","非常滿意",87,12,"女性","台北市","學生"
3302,"Apple",105,2,26900,799,"無意見","滿意","中華電信","滿意","無意見","滿意",80,2,"女性","台北市","服務業"
3303,"Apple",105,11,32000,1300,"無意見","非常滿意","中華電信","無意見","無意見","滿意",87,1,"女性","新北市","金融業"
3304,"Sony",105,7,29000,799,"滿意","滿意","遠傳","滿意","非常滿意","非常滿意",82,12,"男性","台北市","服務業"
3305,"小米",104,12,12000,499,"滿意","滿意","台灣大哥大","滿意","滿意","滿意",87,9,"女性","台北市","學生"
3306,"Apple",107,2,40000,1400,"非常滿意","滿意","中華電信","非常滿意","非常滿意","非常滿意",59,12,"男性","新北市","服務業"
3307,"Sony",106,7,12000,499,"滿意","非常滿意","台灣大哥大","滿意","非常滿意","無意見",86,7,"男性","新北市","學生"
3308,"Hㄒㄈ",104,2,29000,1400,"滿意","無意見","亞太","無意見","滿意","非常滿意",72,7,"女性","新北市","科技業"
3309,"Samsung",106,7,25000,499,"滿意","無意見","台灣大哥大","非常滿意","滿意","滿意",83,4,"男性","台北市","軍公教"
3310,"LG",105,4,11000,399,"非常滿意","滿意","遠傳","滿意","滿意","非常滿意",87,11,"男性","台北市","學生"
3311,"Apple",107,2,40000,1400,"滿意","滿意","中華電信","滿意","無意見","非常滿意",88,3,"男性","台北市","服務業"
3312,"小米",105,11,13000,499,"無意見","無意見","台灣大哥大","滿意","滿意","非常滿意",80,5,"女性","台北市","服務業"
3313,"Apple",105,4,25000,299,"非常滿意","非常滿意","中華電信","非常滿意","非常滿意","非常滿意",87,7,"男性","台北市","學生"
3314,"其他",106,11,18000,799,"非常滿意","滿意","中華電信","滿意","滿意","滿意",88,3,"女性","新北市","學生"
3315,"Hㄒㄈ",106,8,25000,1300,"滿意","無意見","台灣大哥大","滿意","非常滿意","無意見",87,12,"男性","台北市","學生"
3316,"Apple",107,1,19000,499,"非常滿意","非常滿意","中華電信","非常滿意","非常滿意","非常滿意",85,6,"男性","台北市","服務業"
3317,"Apple",106,9,18000,399,"無意見","滿意","中華電信","無意見","無意見","無意見",80,6,"女性","台北市","學生"
3318,"其他",107,2,18000,899,"滿意","無意見","台灣大哥大","無意見","滿意","無意見",82,5,"男性","台北市","軍公教"
3319,"Apple",106,11,12000,399,"滿意","非常滿意","台灣大哥大","非常滿意","滿意","非常滿意",87,4,"女性","台北市","學生"
3320,"Apple",106,6,21000,1300,"滿意","滿意","中華電信","非常滿意","滿意","滿意",85,5,"男性","台北市","軍公教"
3400,"Apple",107,1,25000,689,"滿意","非常滿意","台灣大哥大","不滿意","不滿意","無意見",87,10,"女性","台北市","學生"
3401,"Samsung",104,12,20000,799,"無意見","不滿意","中華電信","不滿意","無意見","無意見",87,12,"女性","台北市","學生"
3402,"Apple",106,8,25000,699,"滿意","滿意","台灣之星","不滿意","滿意","無意見",88,2,"女性","新北市","學生"
3403,"Samsung",106,9,5000,499,"滿意","非常滿意","中華電信","滿意","滿意","無意見",57,3,"女性","其他","服務業"
3404,"Samsung",106,7,6000,499,"滿意","非常滿意","中華電信","無意見","滿意","無意見",89,4,"男性","台北市","學生"
3405,"Samsung",106,5,20000,399,"無意見","無意見","亞太","無意見","無意見","無意見",89,5,"男性","其他","學生"
3406,"其他",106,3,4000,399,"不滿意","不滿意","台灣大哥大","無意見","不滿意","滿意",32,6,"男性","其他","其他"
3407,"Hㄒㄈ",106,5,12000,589,"無意見","滿意","中華電信","無意見","無意見","無意見",73,2,"女性","其他","服務業"
3408,"LG",106,2,22000,399,"滿意","滿意","中華電信","無意見","無意見","無意見",88,5,"女性","其他","學生"
3409,"Apple",106,4,28000,599,"無意見","滿意","中華電信","無意見","滿意","無意見",56,5,"女性","其他","金融業"
3410,"Samsung",106,1,21000,599,"滿意","無意見","中華電信","無意見","無意見","滿意",88,2,"男性","其他","學生"
3411,"ASUS",107,3,12000,389,"滿意","無意見","中華電信","無意見","無意見","無意見",85,4,"男性","其他","學生"
3412,"Apple",105,4,26000,689,"無意見","無意見","台灣大哥大","無意見","無意見","無意見",87,12,"男性","其他","學生"
3413,"Apple",106,2,25000,598,"無意見","無意見","中華電信","不滿意","無意見","滿意",83,3,"女性","其他","金融業"
3414,"Apple",106,4,21800,598,"無意見","滿意","台灣大哥大","無意見","無意見","無意見",86,4,"女性","其他","學生"
3415,"Sony",106,6,18000,599,"無意見","無意見","台灣大哥大","無意見","無意見","無意見",86,3,"女性","其他","學生"
3416,"Apple",106,1,28000,689,"無意見","無意見","台灣大哥大","無意見","無意見","無意見",53,6,"男性","其他","服務業"
3417,"Apple",105,7,23000,699,"無意見","無意見","台灣大哥大","無意見","無意見","無意見",63,2,"女性","其他","金融業"
3418,"Sony",106,7,12000,488,"滿意","無意見","中華電信","無意見","無意見","無意見",87,9,"女性","新北市","學生"
3419,"Apple",106,1,28000,789,"滿意","無意見","中華電信","無意見","無意見","無意見",87,9,"女性","其他","學生"
3420,"Apple",105,4,22000,599,"無意見","無意見","中華電信","不滿意","無意見","無意見",87,7,"女性","台北市","學生"
3500,"Apple",106,9,28000,699,"非常滿意","非常滿意","中華電信",NA,"非常滿意","非常滿意",87,11,"女性","台北市","學生"
3500,"Apple",107,7,22000,799,"無意見","無意見","遠傳","無意見","無意見","無意見",88,1,"女性","新北市","學生"
3501,"Apple",106,8,23000,1310,"非常滿意","非常滿意","遠傳","無意見","不滿意","滿意",83,4,"男性","新北市","金融業"
3501,"Apple",106,5,20000,599,"滿意","滿意","遠傳","無意見","滿意","非常滿意",86,11,"女性","新北市","學生"
3502,"Apple",106,11,13000,699,"滿意","滿意","遠傳","非常滿意","非常不滿意","滿意",62,3,"女性","其他","家管"
3502,"小米",106,8,12000,699,"非常滿意","滿意","台灣大哥大","滿意","非常滿意","滿意",86,11,"女性","桃園市","服務業"
3503,"LG",105,6,5500,0,"不滿意","不滿意","中華電信","不滿意","不滿意","不滿意",88,6,"男性","其他","學生"
3503,"ASUS",106,11,4800,699,"無意見","無意見","遠傳","無意見","無意見","滿意",87,9,"女性","基隆市","學生"
3504,"Samsung",105,7,10500,799,"非常滿意","非常滿意","中華電信","非常滿意","非常滿意","非常滿意",88,7,"男性","台北市","學生"
3504,"Sony",107,2,16000,399,"無意見","無意見","遠傳","無意見","無意見","滿意",88,10,"女性","台北市","學生"
3505,"Apple",106,1,20000,699,"滿意","滿意","中華電信","無意見","無意見","非常滿意",87,7,"男性","台北市","學生"
3505,"Samsung",106,11,12000,799,"無意見","無意見","遠傳","無意見","無意見","滿意",85,5,"男性","台北市","軍公教"
3506,"ASUS",107,2,11500,699,"滿意","滿意","台灣之星","滿意","滿意","非常不滿意",88,8,"男性","新北市","學生"
3506,"ASUS",106,2,7000,1399,"不滿意","不滿意","遠傳","不滿意","無意見","不滿意",67,8,"女性","新北市","服務業"
3507,"Apple",107,9,6000,699,"滿意","滿意","台灣之星","滿意","滿意","滿意",88,6,"男性","新北市","學生"
3507,"Apple",106,11,32000,699,"滿意","滿意","遠傳","滿意","無意見","滿意",88,8,"女性","新北市","學生"
3508,"Samsung",106,3,7900,699,"滿意","滿意","台灣大哥大","非常滿意","非常滿意","滿意",56,4,"男性","其他","製造業"
3508,"Hㄒㄈ",105,8,7000,499,"無意見","無意見","台灣之星","滿意","無意見","滿意",86,3,"男性","新北市","學生"
3509,"Apple",107,7,4800,0,"無意見","滿意","遠傳","無意見","無意見","滿意",88,5,"女性","台北市","學生"
3509,"Hㄒㄈ",107,10,10000,499,"非常滿意","不滿意","中華電信","非常滿意","滿意","滿意",85,4,"女性","台北市","學生"
3510,"Apple",105,12,24500,585,"非常滿意","非常滿意","中華電信","非常滿意","非常滿意","非常滿意",86,5,"女性","台北市","學生"
3510,"Apple",106,2,25000,999,"無意見","無意見","遠傳","滿意","滿意","滿意",60,3,"女性","新北市","服務業"
3511,"Apple",107,6,27100,799,"滿意","滿意","遠傳","滿意","無意見","無意見",88,3,"女性","新北市","學生"
3511,"Apple",107,8,25000,1399,"非常滿意","滿意","中華電信","非常滿意","滿意","非常滿意",77,7,"女性","桃園市","服務業"
3512,"其他",105,7,18000,299,"滿意","滿意","中華電信","滿意","滿意","滿意",85,5,"女性","新北市","學生"
3512,"Apple",107,1,24000,1299,"無意見","無意見","遠傳","無意見","無意見","無意見",57,9,"男性","新北市","服務業"
3513,"ASUS",105,5,6500,299,"滿意","滿意","中華電信","滿意","滿意","滿意",87,2,"男性","台北市","學生"
3513,"Apple",106,2,20000,1399,"滿意","不滿意","中華電信","不滿意","不滿意","滿意",87,4,"女性","新北市","學生"
3514,"Apple",107,10,20000,499,"滿意","滿意","台灣大哥大","非常滿意","滿意","滿意",89,2,"男性","台北市","學生"
3514,"小米",105,3,5500,399,"無意見","無意見","中華電信","無意見","無意見","無意見",83,6,"女性","新北市","金融業"
3515,"Apple",107,7,20000,699,"非常滿意","非常滿意","台灣大哥大","非常滿意","不滿意","非常滿意",88,1,"男性","其他","學生"
3515,"Samsung",107,4,15000,799,"滿意","不滿意","台灣大哥大","滿意","非常滿意","滿意",79,6,"男性","基隆市","服務業"
3516,"Apple",107,7,20000,499,"滿意","滿意","中華電信","滿意","無意見","滿意",89,12,"女性","其他","學生"
3516,"Samsung",106,5,17990,499,"滿意","滿意","亞太","滿意","滿意","非常滿意",86,2,"男性","台北市","學生"
3517,"小米",107,7,7999,299,"滿意","滿意","亞太","無意見","不滿意","滿意",87,12,"男性","台北市","學生"
3517,"ASUS",104,2,6990,599,"滿意","滿意","台灣之星","無意見","無意見","滿意",88,3,"男性","台北市","學生"
3518,"Apple",105,3,20000,288,"非常滿意","非常滿意","中華電信","非常滿意","非常滿意","非常滿意",89,7,"女性","台北市","學生"
3518,"Apple",107,10,40900,799,"非常滿意","非常滿意","遠傳","滿意","滿意","非常滿意",78,10,"男性","台北市","科技業"
3519,"Samsung",105,3,20000,288,"非常滿意","非常滿意","中華電信","非常滿意","非常滿意","非常滿意",89,9,"女性","新北市","學生"
3519,"Hㄒㄈ",106,11,8006,799,"無意見","無意見","中華電信","無意見","不滿意","無意見",88,10,"女性","台北市","學生"
3520,"其他",105,3,20000,288,"非常滿意","非常滿意","台灣之星","非常滿意","非常滿意","非常滿意",89,9,"女性","新北市","學生"
3520,"其他",107,1,11000,1399,"滿意","滿意","遠傳","無意見","不滿意","滿意",86,4,"男性","新北市","其他"
3600,"LG",105,7,5600,599,"不滿意","非常不滿意","中華電信","滿意","不滿意","非常不滿意",88,6,"男性","桃園市","學生"
3601,"Apple",103,7,23500,398,"非常滿意","非常滿意","遠傳","滿意","不滿意","非常滿意",86,8,"女性","新北市","學生"
3602,"Apple",107,10,45900,1000,"非常滿意","非常滿意","台灣大哥大","非常滿意","非常滿意","非常滿意",87,6,"男性","台北市","學生"
3603,"其他",105,4,7990,399,"滿意","滿意","遠傳","無意見","滿意","滿意",87,7,"女性","新北市","學生"
3604,"Sony",105,10,23000,450,"滿意","滿意","中華電信",NA,"滿意","非常滿意",89,3,"女性","桃園市","學生"
3605,"Samsung",104,10,7799,300,"滿意","無意見","台灣之星","無意見","滿意","滿意",88,11,"女性","新北市","學生"
3606,"Samsung",105,9,8750,587,"無意見","無意見","中華電信","不滿意","不滿意","無意見",89,2,"女性","新北市","學生"
3607,"Apple",106,8,25000,999,"滿意","不滿意","中華電信","不滿意","無意見","非常滿意",89,8,"女性","台北市","學生"
3608,"其他",107,2,5999,299,"無意見","無意見","台灣大哥大","無意見","無意見","無意見",89,5,"男性","新北市","學生"
3609,"Sony",106,1,6000,1600,"無意見","無意見","台灣大哥大","不滿意","不滿意","不滿意",89,6,"男性","台北市","學生"
3610,"Apple",106,12,34000,380,"非常滿意","非常滿意","亞太","非常滿意","非常滿意","非常滿意",88,12,"男性","台北市","學生"
3611,"Apple",106,4,18000,299,"非常滿意","滿意","台灣大哥大","非常滿意","非常滿意","非常滿意",85,9,"女性","台北市","學生"
3612,"Samsung",105,5,17000,499,"非常滿意","非常滿意","中華電信","非常滿意","非常滿意","非常滿意",86,5,"男性","台北市","學生"
3613,"Apple",107,3,24000,799,"非常滿意","非常滿意","中華電信","非常滿意","非常滿意","非常滿意",86,1,"男性","其他","學生"
3614,"Apple",106,6,23000,499,"非常滿意","非常滿意","中華電信","非常滿意","非常滿意","非常滿意",89,8,"男性","台北市","學生"
3615,"Samsung",107,2,20000,306,"非常滿意","滿意","台灣之星","滿意","無意見","滿意",89,2,"男性","台北市","學生"
3616,"Apple",106,2,12500,499,"非常滿意","滿意","中華電信","滿意","滿意","滿意",88,9,"男性","新北市","學生"
3617,"Samsung",107,2,12900,299,"非常滿意","非常滿意","遠傳","無意見","滿意","滿意",89,7,"女性","新北市","學生"
3618,"小米",106,4,13000,499,"非常滿意","非常滿意","中華電信","非常滿意","非常滿意","非常滿意",86,2,"女性","基隆市","學生"
3619,"Hㄒㄈ",104,3,6000,299,"滿意","滿意","台灣大哥大","滿意","滿意","滿意",87,2,"男性","台北市","學生"
3620,"Apple",105,10,20000,499,"非常滿意","非常滿意","中華電信","非常滿意","非常滿意","非常滿意",86,9,"男性","新北市","學生"
3700,"Apple",106,5,30000,790,"滿意","滿意","台灣大哥大","無意見","無意見","無意見",87,5,"女性","新北市","學生"
3701,"Hㄒㄈ",103,6,7700,1280,"無意見","無意見","台灣大哥大","滿意","無意見","滿意",85,2,"男性","新北市","學生"
3702,"Sony",107,1,22000,798,"無意見","無意見","遠傳","無意見","不滿意","無意見",86,8,"女性","基隆市","學生"
3703,"小米",106,12,8000,899,"無意見","不滿意","亞太","無意見","無意見","無意見",87,11,"男性","台北市","學生"
3704,"Apple",107,9,30000,698,"滿意","非常滿意","台灣大哥大","滿意","滿意","滿意",85,3,"男性","台北市","學生"
3705,"小米",107,2,6800,598,"滿意","滿意","台灣之星","不滿意","滿意","滿意",88,5,"女性","新北市","學生"
3706,"ASUS",106,2,7800,398,"無意見","滿意","台灣之星","無意見","無意見","無意見",89,10,"男性","新北市","學生"
3707,"Samsung",106,8,9900,798,"滿意","滿意","中華電信","滿意","滿意","滿意",90,2,"男性","台北市","學生"
3708,"Apple",106,4,28000,680,"無意見","滿意","遠傳","無意見","無意見","無意見",86,9,"女性","基隆市","學生"
3709,"Apple",107,5,32000,698,"無意見","無意見","亞太","不滿意","無意見","無意見",88,7,"男性","新北市","學生"
3710,"LG",103,2,10200,699,"不滿意","不滿意","遠傳","無意見","無意見","無意見",89,12,"女性","桃園市","學生"
3711,"Hㄒㄈ",103,4,5800,699,"無意見","無意見","台灣大哥大","無意見","無意見","無意見",88,12,"男性","台北市","學生"
3712,"Apple",105,12,30000,598,"滿意","滿意","中華電信","無意見","無意見","無意見",89,5,"男性","新北市","學生"
3713,"Sony",107,3,20000,599,"無意見","無意見","中華電信","無意見","無意見","無意見",89,3,"男性","基隆市","學生"
3714,"Apple",106,11,35000,1280,"滿意","滿意","中華電信","滿意","滿意","滿意",85,4,"男性","基隆市","學生"
3715,"Hㄒㄈ",104,5,6000,499,"不滿意","不滿意","遠傳","無意見","無意見","無意見",87,3,"男性","桃園市","學生"
3716,"Apple",106,8,28000,698,"無意見","無意見","遠傳","無意見","無意見","無意見",85,12,"女性","新北市","學生"
3717,"Apple",107,9,35600,799,"滿意","滿意","台灣大哥大","無意見","無意見","無意見",87,12,"男性","新北市","學生"
3718,"Sony",105,3,24000,598,"無意見","滿意","台灣大哥大","滿意","滿意","滿意",86,2,"男性","台北市","學生"
3719,"小米",107,3,8000,599,"無意見","無意見","台灣大哥大","不滿意","無意見","無意見",87,5,"男性","新北市","學生"
3720,"Apple",107,2,25000,599,"滿意","滿意","台灣之星","不滿意","無意見","滿意",88,6,"女性","台北市","學生"
3800,"Apple",107,7,22000,799,"無意見","無意見","遠傳","無意見","無意見","無意見",88,2,"女性","新北市","學生"
3801,"Apple",106,5,20000,599,"滿意","滿意","遠傳","無意見","滿意","非常滿意",86,3,"女性","新北市","學生"
3802,"小米",106,8,12000,699,"非常滿意","滿意","台灣大哥大","滿意","非常滿意","滿意",86,12,"女性","桃園市","服務業"
3803,"ASUS",106,11,4800,699,"無意見","無意見","遠傳","無意見","無意見","滿意",87,5,"女性","基隆市","學生"
3804,"Sony",107,2,16000,399,"無意見","無意見","遠傳","無意見","無意見","滿意",88,6,"女性","台北市","學生"
3805,"Samsung",106,11,12000,799,"無意見","無意見","遠傳","無意見","無意見","滿意",85,7,"男性","台北市","軍公教"
3806,"ASUS",106,2,7000,1399,"不滿意","不滿意","遠傳","不滿意","無意見","不滿意",67,9,"女性","新北市","服務業"
3807,"Apple",106,11,32000,699,"滿意","滿意","遠傳","滿意","無意見","滿意",88,8,"女性","新北市","學生"
3808,"Hㄒㄈ",105,8,7000,499,"無意見","無意見","台灣之星","滿意","無意見","滿意",86,7,"男性","新北市","學生"
3809,"Hㄒㄈ",107,10,10000,499,"非常滿意","不滿意","中華電信","非常滿意","滿意","滿意",85,7,"女性","台北市","學生"
3810,"Apple",106,2,25000,999,"無意見","無意見","遠傳","滿意","滿意","滿意",60,6,"女性","新北市","服務業"
3811,"Apple",107,8,25000,1399,"非常滿意","滿意","中華電信","非常滿意","滿意","非常滿意",77,9,"女性","桃園市","服務業"
3812,"Apple",107,1,24000,1299,"無意見","無意見","遠傳","無意見","無意見","無意見",57,6,"男性","新北市","服務業"
3813,"Apple",106,2,20000,1399,"滿意","不滿意","中華電信","不滿意","不滿意","滿意",87,9,"女性","新北市","學生"
3814,"小米",105,3,5500,399,"無意見","無意見","中華電信","無意見","無意見","無意見",83,11,"女性","新北市","金融業"
3815,"Samsung",107,4,15000,799,"滿意","不滿意","台灣大哥大","滿意","非常滿意","滿意",79,9,"男性","基隆市","服務業"
3816,"Samsung",106,5,17990,499,"滿意","滿意","亞太","滿意","滿意","非常滿意",86,1,"男性","台北市","學生"
3817,"ASUS",104,2,6990,599,"滿意","滿意","台灣之星","無意見","無意見","滿意",88,12,"男性","台北市","學生"
3818,"Apple",107,10,40900,799,"非常滿意","非常滿意","遠傳","滿意","滿意","非常滿意",78,9,"男性","台北市","科技業"
3819,"Hㄒㄈ",106,11,8006,799,"無意見","無意見","中華電信","無意見","不滿意","無意見",88,4,"女性","台北市","學生"
3820,"其他",107,1,11000,1399,"滿意","滿意","遠傳","無意見","不滿意","滿意",86,3,"男性","新北市","其他"
3900,"Sony",106,7,12000,488,"滿意","無意見","中華電信","無意見","無意見","無意見",87,9,"女性","新北市","學生"
3901,"Sony",105,4,20000,1000,"滿意","不滿意","中華電信","非常滿意","非常滿意","滿意",59,12,"男性","新北市","軍公教"
3902,"Apple",103,10,23000,799,"非常滿意","非常滿意","中華電信","非常滿意","非常滿意","非常滿意",92,12,"女性","新北市","學生"
3903,"Apple",106,5,20000,899,"滿意","無意見","台灣大哥大","不滿意","不滿意","無意見",85,2,"女性","新北市","學生"
3904,"Samsung",105,6,8000,800,"滿意","滿意","亞太","無意見","無意見","滿意",93,9,"男性","新北市","學生"
3905,"Apple",106,11,28900,698,"滿意","不滿意","遠傳","無意見","無意見","無意見",88,10,"女性","新北市","學生"
3906,"Samsung",106,7,5500,626,"滿意","滿意","台灣大哥大","不滿意","無意見","滿意",87,8,"女性","新北市","學生"
3907,"Apple",105,8,22000,529,"非常滿意","滿意","遠傳","非常滿意","無意見","滿意",86,11,"女性","新北市","學生"
3908,"Apple",107,3,32000,799,"滿意","滿意","中華電信","不滿意","不滿意","無意見",78,10,"女性","新北市","軍公教"
3909,"Apple",107,1,6000,1300,"滿意","不滿意","台灣大哥大","無意見","無意見","滿意",88,6,"男性","新北市","學生"
3910,"Apple",106,8,36000,1170,"非常滿意","非常滿意","中華電信","無意見","無意見","無意見",88,1,"女性","新北市","學生"
3911,"Apple",107,1,30000,899,"滿意","滿意","台灣大哥大","不滿意","無意見","滿意",67,5,"女性","台北市","服務業"
3912,"Apple",106,2,37000,799,"無意見","無意見","遠傳","不滿意","不滿意","滿意",87,10,"女性","新北市","學生"
3913,"其他",106,5,9000,0,"滿意","非常滿意","中華電信","非常滿意","非常滿意","滿意",88,5,"女性","台北市","學生"
3914,"Apple",106,2,25000,689,"無意見","無意見","台灣大哥大","不滿意","無意見","無意見",87,10,"女性","其他","學生"
3915,"ASUS",106,10,8000,499,"滿意","無意見","中華電信","無意見","無意見","無意見",55,1,"男性","新北市","服務業"
3916,"ASUS",105,7,6000,599,"無意見","無意見","中華電信","不滿意","無意見","不滿意",55,3,"女性","新北市","家管"
3917,"其他",107,9,12500,499,"非常滿意","滿意","中華電信","無意見","無意見","滿意",91,6,"女性","新北市","學生"
3918,"Sony",106,11,14990,100,"滿意","滿意","中華電信","非常滿意","滿意","滿意",93,10,"女性","新北市","學生"
3919,"Samsung",103,8,2998,599,"不滿意","非常不滿意","台灣大哥大","無意見","無意見","無意見",93,1,"女性","新北市","學生"
3920,"ASUS",106,4,2900,189,"非常滿意","不滿意","中華電信","非常滿意","非常滿意","滿意",92,10,"女性","新北市","學生"
4100,"其他",106,9,18000,499,"非常滿意","非常滿意","中華電信","非常滿意","非常滿意","非常滿意",90,2,"女性","桃園市","學生"
4101,"ASUS",104,1,5000,199,"無意見","無意見","中華電信","滿意","無意見","無意見",87,9,"男性","新北市","學生"
4102,"Samsung",107,5,12000,799,"非常滿意","非常滿意","遠傳","非常滿意","非常滿意","非常滿意",61,5,"女性","桃園市","家管"
4103,"Sony",102,4,8000,199,"滿意","滿意","中華電信","滿意","滿意","滿意",57,11,"女性","新北市","服務業"
4104,"ASUS",105,7,8000,199,"滿意","滿意","中華電信","滿意","滿意","滿意",56,10,"男性","新北市","服務業"
4105,"Samsung",105,7,10500,799,"非常滿意","非常滿意","中華電信","非常滿意","非常滿意","非常滿意",88,4,"男性","新北市","學生"
4106,"Apple",106,2,20000,699,"滿意","滿意","中華電信","滿意","無意見","非常滿意",87,12,"男性","台北市","學生"
4107,"Samsung",105,8,17990,999,"滿意","滿意","中華電信","滿意","無意見","無意見",88,8,"男性","桃園市","服務業"
4108,"Apple",106,10,26000,887,"滿意","滿意","中華電信","不滿意","無意見","滿意",87,12,"男性","台北市","學生"
4109,"Hㄒㄈ",107,7,5000,699,"滿意","不滿意","中華電信","不滿意","不滿意","無意見",88,5,"男性","台北市","學生"
4110,"Apple",107,5,28000,499,"非常滿意","非常滿意","中華電信","非常滿意","非常滿意","非常滿意",88,5,"男性","台北市","學生"
4111,"ASUS",107,5,11500,699,"滿意","滿意","台灣之星","無意見","無意見","非常不滿意",88,7,"男性","新北市","學生"
4112,"Apple",107,9,6000,699,"滿意","滿意","台灣之星","無意見","無意見","滿意",88,7,"男性","新北市","學生"
4113,"Apple",106,7,23000,699,"非常滿意","非常滿意","中華電信","無意見","滿意","滿意",88,3,"男性","台北市","學生"
4114,"其他",106,6,15900,799,"滿意","滿意","遠傳","無意見","無意見","滿意",87,12,"男性","其他","學生"
4115,"ASUS",106,6,6500,299,"滿意","滿意","中華電信","滿意","滿意","滿意",87,12,"男性","台北市","學生"
4116,"Samsung",105,2,12000,499,"非常滿意","非常滿意","台灣之星","非常滿意","非常滿意","非常滿意",82,5,"男性","其他","科技業"
4117,"Sony",106,5,12000,699,"滿意","滿意","中華電信","滿意","滿意","滿意",51,8,"女性","新北市","軍公教"
4118,"Apple",107,1,30000,699,"非常滿意","非常滿意","中華電信","非常滿意","非常滿意","非常滿意",65,11,"男性","新北市","金融業"
4119,"Samsung",106,12,18000,499,"滿意","滿意","台灣大哥大","滿意","滿意","滿意",62,6,"男性","台北市","其他"
4120,"Samsung",105,12,12000,999,"滿意","非常滿意","中華電信","滿意","滿意","滿意",59,6,"男性","台北市","其他"
4200,"Apple",107,2,18848,599,"非常滿意","非常滿意","台灣之星","不滿意","無意見","滿意",88,6,"女性","台北市","學生"
4201,"Apple",106,5,19900,388,"非常滿意","非常滿意","中華電信","無意見","無意見","滿意",88,3,"女性","桃園市","學生"
4202,"Apple",106,7,10550,499,"滿意","滿意","台灣大哥大","無意見","滿意","滿意",87,9,"女性","其他","學生"
4203,"Apple",106,10,16300,499,"非常滿意","滿意","台灣之星","滿意","滿意","滿意",87,10,"女性","其他","學生"
4204,"Apple",106,3,24500,799,"非常滿意","非常滿意","遠傳","不滿意","無意見","滿意",88,8,"女性","台北市","學生"
4205,"Sony",106,3,6990,388,"不滿意","不滿意","中華電信","滿意","滿意","滿意",88,7,"女性","台北市","學生"
4206,"Hㄒㄈ",106,9,8680,499,"不滿意","不滿意","遠傳","滿意","滿意","無意見",87,11,"女性","台北市","學生"
4207,"其他",106,6,11450,599,"滿意","不滿意","遠傳","無意見","滿意","滿意",88,8,"女性","台北市","學生"
4208,"ASUS",107,8,8990,188,"滿意","無意見","台灣之星","滿意","滿意","滿意",60,9,"女性","其他","軍公教"
4209,"ASUS",107,2,4590,188,"無意見","不滿意","台灣之星","滿意","滿意","無意見",94,5,"女性","其他","學生"
4210,"ASUS",107,1,5250,188,"滿意","滿意","台灣之星","滿意","滿意","滿意",57,2,"男性","其他","科技業"
4211,"LG",107,7,12990,188,"滿意","滿意","台灣之星","滿意","滿意","滿意",35,9,"女性","其他","其他"
4212,"ASUS",106,9,4990,188,"無意見","無意見","台灣之星","滿意","滿意","無意見",27,9,"男性","其他","其他"
4213,"Sony",106,3,15990,599,"無意見","不滿意","遠傳","不滿意","無意見","滿意",86,9,"男性","新北市","學生"
4214,"ASUS",107,2,10490,288,"滿意","無意見","中華電信","滿意","滿意","滿意",54,4,"女性","新北市","科技業"
4215,"Apple",106,9,19900,388,"非常滿意","非常滿意","台灣大哥大","滿意","滿意","非常滿意",52,10,"女性","其他","其他"
4216,"Apple",106,2,15900,499,"非常滿意","非常滿意","遠傳","滿意","滿意","非常滿意",68,12,"男性","其他","其他"
4217,"Apple",106,5,24500,699,"滿意","滿意","遠傳","無意見","無意見","滿意",85,4,"男性","台北市","學生"
4218,"Apple",106,9,21500,699,"滿意","非常滿意","台灣大哥大","不滿意","無意見","滿意",82,6,"男性","台北市","其他"
4219,"Hㄒㄈ",107,2,7990,288,"無意見","不滿意","台灣之星","滿意","滿意","無意見",88,2,"女性","新北市","學生"
4220,"Samsung",107,1,17900,699,"滿意","滿意","中華電信","不滿意","無意見","無意見",87,11,"男性","台北市","學生"
4300,"Apple",106,9,28900,599,"非常滿意","非常滿意","中華電信","滿意","無意見","非常滿意",88,5,"男性","新北市","學生"
4301,"ASUS",105,9,6290,399,"非常滿意","非常滿意","台灣之星","非常滿意","非常滿意","非常滿意",70,6,"男性","其他","服務業"
4302,"ASUS",105,6,2390,299,"非常滿意","非常滿意","台灣之星","非常滿意","非常滿意","非常滿意",72,6,"男性","基隆市","軍公教"
4303,"其他",107,9,18990,799,"非常滿意","非常滿意","遠傳","非常滿意","非常滿意","非常滿意",88,6,"男性","台北市","學生"
4304,"其他",106,1,15990,299,"非常滿意","非常滿意","其他","非常滿意","非常滿意","非常滿意",90,1,"男性","台北市","學生"
4305,"其他",106,9,15990,499,"非常滿意","非常滿意","中華電信","非常滿意","非常滿意","非常滿意",89,12,"男性","新北市","學生"
4306,"Samsung",106,5,27900,799,"滿意","滿意","遠傳","滿意","滿意","滿意",87,7,"女性","桃園市","學生"
4307,"Samsung",106,6,27900,799,"非常滿意","非常滿意","中華電信","滿意","滿意","非常滿意",90,7,"男性","新北市","學生"
4308,"Samsung",107,2,19700,999,"滿意","滿意","中華電信","無意見","滿意","滿意",83,12,"男性","新北市","金融業"
4309,"Samsung",107,8,25500,1399,"滿意","滿意","遠傳","滿意","無意見","滿意",83,3,"男性","新北市","服務業"
4310,"Apple",104,8,24500,999,"非常滿意","非常滿意","遠傳","無意見","不滿意","滿意",80,9,"男性","新北市","金融業"
4311,"Apple",107,6,15500,499,"非常滿意","非常滿意","中華電信","滿意","無意見","非常滿意",88,6,"男性","台北市","學生"
4312,"Apple",105,3,24500,799,"非常滿意","非常滿意","遠傳","滿意","不滿意","非常滿意",85,12,"女性","新北市","學生"
4313,"Apple",107,2,23400,799,"滿意","滿意","遠傳","滿意","不滿意","滿意",87,9,"女性","新北市","學生"
4314,"Apple",103,6,24500,799,"非常滿意","非常滿意","中華電信","非常滿意","非常滿意","非常滿意",85,2,"男性","台北市","服務業"
4315,"Apple",105,1,28500,599,"非常滿意","滿意","台灣大哥大","非常滿意","不滿意","滿意",87,12,"女性","新北市","學生"
4316,"Apple",107,9,18900,299,"非常滿意","滿意","遠傳","非常滿意","滿意","滿意",88,2,"男性","新北市","學生"
4317,"Apple",107,10,52900,1399,"非常滿意","非常滿意","中華電信","非常滿意","非常滿意","非常滿意",78,7,"男性","台北市","金融業"
4318,"Apple",107,10,41500,499,"非常滿意","非常滿意","中華電信","非常滿意","非常滿意","非常滿意",86,12,"女性","新北市","學生"
4319,"Apple",107,6,23400,599,"非常滿意","滿意","遠傳","非常滿意","滿意","無意見",87,2,"男性","台北市","學生"
4320,"Apple",105,1,32900,199,"非常滿意","非常滿意","台灣之星","非常滿意","非常滿意","滿意",85,5,"男性","桃園市","服務業"
4412,"Hㄒㄈ",105,10,5800,788,"非常滿意","非常滿意","台灣大哥大","不滿意","滿意","非常滿意",58,11,"女性","台北市","家管"
4413,"Hㄒㄈ",107,7,12000,1399,"無意見","滿意","台灣大哥大","不滿意","滿意","不滿意",59,3,"女性","台北市","服務業"
4414,"Apple",107,2,23000,589,"非常滿意","非常滿意","台灣大哥大","滿意","滿意","非常滿意",87,10,"女性","新北市","學生"
4415,"Samsung",104,10,20000,395,"非常不滿意","非常不滿意","中華電信","非常滿意","非常滿意","非常不滿意",87,12,"女性","其他","學生"
4416,"ASUS",106,7,8990,499,"滿意","滿意","中華電信","非常滿意","非常滿意","滿意",88,3,"女性","其他","學生"
4417,"Samsung",106,10,28000,388,"滿意","滿意","台灣之星","滿意","滿意","滿意",57,3,"女性","新北市","服務業"
4418,"ASUS",107,1,9000,999,"無意見","滿意","台灣大哥大","不滿意","不滿意","滿意",70,3,"女性","新北市","服務業"
4419,"Hㄒㄈ",105,12,16000,299,"不滿意","無意見","台灣大哥大","無意見","無意見","無意見",58,12,"女性","新北市","家管"
4420,"Apple",106,1,30800,699,"非常滿意","非常滿意","台灣大哥大","不滿意","不滿意","非常滿意",62,1,"女性","台北市","製造業"
